Ubicación;Producto;SKU;MODELO;GENERO;COLOR;TALLA;Cantidad en inventario
CERRO VERDE;[DAYCSTCA16TS] CLASICA DAILY 3.0 CAB (Blanco, S);DAYCSTCA16TS;CLASICA DAILY 3.0;CAB;Blanco;S;6
CERRO VERDE;[DAYCSTCA16TM] CLASICA DAILY 3.0 CAB (Blanco, M);DAYCSTCA16TM;CLASICA DAILY 3.0;CAB;Blanco;M;1
CERRO VERDE;[DAYCSTCA16TL] CLASICA DAILY 3.0 CAB (Blanco, L);DAYCSTCA16TL;CLASICA DAILY 3.0;CAB;Blanco;L;1
CERRO VERDE;[DAYCSTCA16TXL] CLASICA DAILY 3.0 CAB (Blanco, XL);DAYCSTCA16TXL;CLASICA DAILY 3.0;CAB;Blanco;XL;3
CERRO VERDE;[DAYCSTCA43TS] CLASICA DAILY 3.0 CAB (Negro, S);DAYCSTCA43TS;CLASICA DAILY 3.0;CAB;Negro;S;3
CERRO VERDE;[DAYCSTCA43TM] CLASICA DAILY 3.0 CAB (Negro, M);DAYCSTCA43TM;CLASICA DAILY 3.0;CAB;Negro;M;3
CERRO VERDE;[DAYCSTCA43TL] CLASICA DAILY 3.0 CAB (Negro, L);DAYCSTCA43TL;CLASICA DAILY 3.0;CAB;Negro;L;4
CERRO VERDE;[DAYCSTCA66TS] CLASICA DAILY 3.0 CAB (Verde Militar, S);DAYCSTCA66TS;CLASICA DAILY 3.0;CAB;Verde Militar;S;4
CERRO VERDE;[DAYCSTCA66TM] CLASICA DAILY 3.0 CAB (Verde Militar, M);DAYCSTCA66TM;CLASICA DAILY 3.0;CAB;Verde Militar;M;5
CERRO VERDE;[DAYCSTCA66TXL] CLASICA DAILY 3.0 CAB (Verde Militar, XL);DAYCSTCA66TXL;CLASICA DAILY 3.0;CAB;Verde Militar;XL;2
CERRO VERDE;[DAYCSTCA66T2XL] CLASICA DAILY 3.0 CAB (Verde Militar, 2XL);DAYCSTCA66T2XL;CLASICA DAILY 3.0;CAB;Verde Militar;2XL;3
CERRO VERDE;[DAYCSTDA16TXS] CLASICA DAILY 3.0 DAMA (Blanco, XS);DAYCSTDA16TXS;CLASICA DAILY 3.0;DAMA;Blanco;XS;4
CERRO VERDE;[DAYCSTDA16TS] CLASICA DAILY 3.0 DAMA (Blanco, S);DAYCSTDA16TS;CLASICA DAILY 3.0;DAMA;Blanco;S;1
CERRO VERDE;[DAYCSTDA16TL] CLASICA DAILY 3.0 DAMA (Blanco, L);DAYCSTDA16TL;CLASICA DAILY 3.0;DAMA;Blanco;L;4
CERRO VERDE;[DAYCSTDA43TM] CLASICA DAILY 3.0 DAMA (Negro, M);DAYCSTDA43TM;CLASICA DAILY 3.0;DAMA;Negro;M;3
CERRO VERDE;[DAYCSTDA43TL] CLASICA DAILY 3.0 DAMA (Negro, L);DAYCSTDA43TL;CLASICA DAILY 3.0;DAMA;Negro;L;2
CHACAO;[DAYCSTCA16TS] CLASICA DAILY 3.0 CAB (Blanco, S);DAYCSTCA16TS;CLASICA DAILY 3.0;CAB;Blanco;S;7
CHACAO;[DAYCSTCA16TM] CLASICA DAILY 3.0 CAB (Blanco, M);DAYCSTCA16TM;CLASICA DAILY 3.0;CAB;Blanco;M;7
CHACAO;[DAYCSTCA16TL] CLASICA DAILY 3.0 CAB (Blanco, L);DAYCSTCA16TL;CLASICA DAILY 3.0;CAB;Blanco;L;1
CHACAO;[DAYCSTCA16TXL] CLASICA DAILY 3.0 CAB (Blanco, XL);DAYCSTCA16TXL;CLASICA DAILY 3.0;CAB;Blanco;XL;3
CHACAO;[DAYCSTCA16T2XL] CLASICA DAILY 3.0 CAB (Blanco, 2XL);DAYCSTCA16T2XL;CLASICA DAILY 3.0;CAB;Blanco;2XL;5
CHACAO;[DAYCSTCA43TS] CLASICA DAILY 3.0 CAB (Negro, S);DAYCSTCA43TS;CLASICA DAILY 3.0;CAB;Negro;S;5
CHACAO;[DAYCSTCA43TM] CLASICA DAILY 3.0 CAB (Negro, M);DAYCSTCA43TM;CLASICA DAILY 3.0;CAB;Negro;M;6
CHACAO;[DAYCSTCA43TL] CLASICA DAILY 3.0 CAB (Negro, L);DAYCSTCA43TL;CLASICA DAILY 3.0;CAB;Negro;L;8
CHACAO;[DAYCSTCA43TXL] CLASICA DAILY 3.0 CAB (Negro, XL);DAYCSTCA43TXL;CLASICA DAILY 3.0;CAB;Negro;XL;2
CHACAO;[DAYCSTCA66TS] CLASICA DAILY 3.0 CAB (Verde Militar, S);DAYCSTCA66TS;CLASICA DAILY 3.0;CAB;Verde Militar;S;10
CHACAO;[DAYCSTCA66TM] CLASICA DAILY 3.0 CAB (Verde Militar, M);DAYCSTCA66TM;CLASICA DAILY 3.0;CAB;Verde Militar;M;9
CHACAO;[DAYCSTCA66TL] CLASICA DAILY 3.0 CAB (Verde Militar, L);DAYCSTCA66TL;CLASICA DAILY 3.0;CAB;Verde Militar;L;8
CHACAO;[DAYCSTCA66TXL] CLASICA DAILY 3.0 CAB (Verde Militar, XL);DAYCSTCA66TXL;CLASICA DAILY 3.0;CAB;Verde Militar;XL;3
CHACAO;[DAYCSTCA66T2XL] CLASICA DAILY 3.0 CAB (Verde Militar, 2XL);DAYCSTCA66T2XL;CLASICA DAILY 3.0;CAB;Verde Militar;2XL;2
CHACAO;[DAYCSTDA16TXS] CLASICA DAILY 3.0 DAMA (Blanco, XS);DAYCSTDA16TXS;CLASICA DAILY 3.0;DAMA;Blanco;XS;7
CHACAO;[DAYCSTDA16TS] CLASICA DAILY 3.0 DAMA (Blanco, S);DAYCSTDA16TS;CLASICA DAILY 3.0;DAMA;Blanco;S;2
CHACAO;[DAYCSTDA16TL] CLASICA DAILY 3.0 DAMA (Blanco, L);DAYCSTDA16TL;CLASICA DAILY 3.0;DAMA;Blanco;L;2
CHACAO;[DAYCSTDA43TXS] CLASICA DAILY 3.0 DAMA (Negro, XS);DAYCSTDA43TXS;CLASICA DAILY 3.0;DAMA;Negro;XS;9
CHACAO;[DAYCSTDA43TS] CLASICA DAILY 3.0 DAMA (Negro, S);DAYCSTDA43TS;CLASICA DAILY 3.0;DAMA;Negro;S;7
CHACAO;[DAYCSTDA43TM] CLASICA DAILY 3.0 DAMA (Negro, M);DAYCSTDA43TM;CLASICA DAILY 3.0;DAMA;Negro;M;6
CHACAO;[DAYCSTDA43TL] CLASICA DAILY 3.0 DAMA (Negro, L);DAYCSTDA43TL;CLASICA DAILY 3.0;DAMA;Negro;L;6
CHACAO;[DAYCSTDA66TXS] CLASICA DAILY 3.0 DAMA (Verde Militar, XS);DAYCSTDA66TXS;CLASICA DAILY 3.0;DAMA;Verde Militar;XS;10
CHACAO;[DAYCSTDA66TS] CLASICA DAILY 3.0 DAMA (Verde Militar, S);DAYCSTDA66TS;CLASICA DAILY 3.0;DAMA;Verde Militar;S;8
CHACAO;[DAYCSTDA66TM] CLASICA DAILY 3.0 DAMA (Verde Militar, M);DAYCSTDA66TM;CLASICA DAILY 3.0;DAMA;Verde Militar;M;5
CHACAO;[DAYCSTDA66TL] CLASICA DAILY 3.0 DAMA (Verde Militar, L);DAYCSTDA66TL;CLASICA DAILY 3.0;DAMA;Verde Militar;L;4
GRANDPLAZ;[DAYCSTCA43TS] CLASICA DAILY 3.0 CAB (Negro, S);DAYCSTCA43TS;CLASICA DAILY 3.0;CAB;Negro;S;1
GRANDPLAZ;[DAYCSTCA66TL] CLASICA DAILY 3.0 CAB (Verde Militar, L);DAYCSTCA66TL;CLASICA DAILY 3.0;CAB;Verde Militar;L;1
GRIETA;[DAYCSTCA16TS] CLASICA DAILY 3.0 CAB (Blanco, S);DAYCSTCA16TS;CLASICA DAILY 3.0;CAB;Blanco;S;3
GRIETA;[DAYCSTCA16TM] CLASICA DAILY 3.0 CAB (Blanco, M);DAYCSTCA16TM;CLASICA DAILY 3.0;CAB;Blanco;M;5
GRIETA;[DAYCSTCA16TL] CLASICA DAILY 3.0 CAB (Blanco, L);DAYCSTCA16TL;CLASICA DAILY 3.0;CAB;Blanco;L;3
GRIETA;[DAYCSTCA16TXL] CLASICA DAILY 3.0 CAB (Blanco, XL);DAYCSTCA16TXL;CLASICA DAILY 3.0;CAB;Blanco;XL;2
GRIETA;[DAYCSTCA16T2XL] CLASICA DAILY 3.0 CAB (Blanco, 2XL);DAYCSTCA16T2XL;CLASICA DAILY 3.0;CAB;Blanco;2XL;3
GRIETA;[DAYCSTCA43TS] CLASICA DAILY 3.0 CAB (Negro, S);DAYCSTCA43TS;CLASICA DAILY 3.0;CAB;Negro;S;3
GRIETA;[DAYCSTCA43TM] CLASICA DAILY 3.0 CAB (Negro, M);DAYCSTCA43TM;CLASICA DAILY 3.0;CAB;Negro;M;6
GRIETA;[DAYCSTCA43TL] CLASICA DAILY 3.0 CAB (Negro, L);DAYCSTCA43TL;CLASICA DAILY 3.0;CAB;Negro;L;4
GRIETA;[DAYCSTCA43TXL] CLASICA DAILY 3.0 CAB (Negro, XL);DAYCSTCA43TXL;CLASICA DAILY 3.0;CAB;Negro;XL;3
GRIETA;[DAYCSTCA43T2XL] CLASICA DAILY 3.0 CAB (Negro, 2XL);DAYCSTCA43T2XL;CLASICA DAILY 3.0;CAB;Negro;2XL;3
GRIETA;[DAYCSTCA66TS] CLASICA DAILY 3.0 CAB (Verde Militar, S);DAYCSTCA66TS;CLASICA DAILY 3.0;CAB;Verde Militar;S;3
GRIETA;[DAYCSTCA66TM] CLASICA DAILY 3.0 CAB (Verde Militar, M);DAYCSTCA66TM;CLASICA DAILY 3.0;CAB;Verde Militar;M;3
GRIETA;[DAYCSTCA66TL] CLASICA DAILY 3.0 CAB (Verde Militar, L);DAYCSTCA66TL;CLASICA DAILY 3.0;CAB;Verde Militar;L;4
GRIETA;[DAYCSTCA66TXL] CLASICA DAILY 3.0 CAB (Verde Militar, XL);DAYCSTCA66TXL;CLASICA DAILY 3.0;CAB;Verde Militar;XL;4
GRIETA;[DAYCSTCA66T2XL] CLASICA DAILY 3.0 CAB (Verde Militar, 2XL);DAYCSTCA66T2XL;CLASICA DAILY 3.0;CAB;Verde Militar;2XL;4
GRIETA;[DAYCSTDA16TXS] CLASICA DAILY 3.0 DAMA (Blanco, XS);DAYCSTDA16TXS;CLASICA DAILY 3.0;DAMA;Blanco;XS;5
GRIETA;[DAYCSTDA16TS] CLASICA DAILY 3.0 DAMA (Blanco, S);DAYCSTDA16TS;CLASICA DAILY 3.0;DAMA;Blanco;S;3
GRIETA;[DAYCSTDA16TL] CLASICA DAILY 3.0 DAMA (Blanco, L);DAYCSTDA16TL;CLASICA DAILY 3.0;DAMA;Blanco;L;2
GRIETA;[DAYCSTDA16TXL] CLASICA DAILY 3.0 DAMA (Blanco, XL);DAYCSTDA16TXL;CLASICA DAILY 3.0;DAMA;Blanco;XL;7
GRIETA;[DAYCSTDA43TXS] CLASICA DAILY 3.0 DAMA (Negro, XS);DAYCSTDA43TXS;CLASICA DAILY 3.0;DAMA;Negro;XS;6
GRIETA;[DAYCSTDA43TS] CLASICA DAILY 3.0 DAMA (Negro, S);DAYCSTDA43TS;CLASICA DAILY 3.0;DAMA;Negro;S;3
GRIETA;[DAYCSTDA43TM] CLASICA DAILY 3.0 DAMA (Negro, M);DAYCSTDA43TM;CLASICA DAILY 3.0;DAMA;Negro;M;9
GRIETA;[DAYCSTDA43TL] CLASICA DAILY 3.0 DAMA (Negro, L);DAYCSTDA43TL;CLASICA DAILY 3.0;DAMA;Negro;L;3
GRIETA;[DAYCSTDA43TXL] CLASICA DAILY 3.0 DAMA (Negro, XL);DAYCSTDA43TXL;CLASICA DAILY 3.0;DAMA;Negro;XL;4
GRIETA;[DAYCSTDA66TXS] CLASICA DAILY 3.0 DAMA (Verde Militar, XS);DAYCSTDA66TXS;CLASICA DAILY 3.0;DAMA;Verde Militar;XS;6
GRIETA;[DAYCSTDA66TS] CLASICA DAILY 3.0 DAMA (Verde Militar, S);DAYCSTDA66TS;CLASICA DAILY 3.0;DAMA;Verde Militar;S;4
GRIETA;[DAYCSTDA66TM] CLASICA DAILY 3.0 DAMA (Verde Militar, M);DAYCSTDA66TM;CLASICA DAILY 3.0;DAMA;Verde Militar;M;3
GRIETA;[DAYCSTDA66TL] CLASICA DAILY 3.0 DAMA (Verde Militar, L);DAYCSTDA66TL;CLASICA DAILY 3.0;DAMA;Verde Militar;L;5
GRIETA;[DAYCSTDA66TXL] CLASICA DAILY 3.0 DAMA (Verde Militar, XL);DAYCSTDA66TXL;CLASICA DAILY 3.0;DAMA;Verde Militar;XL;5
SAMBIL;[DAYCSTCA16TS] CLASICA DAILY 3.0 CAB (Blanco, S);DAYCSTCA16TS;CLASICA DAILY 3.0;CAB;Blanco;S;5
SAMBIL;[DAYCSTCA16TM] CLASICA DAILY 3.0 CAB (Blanco, M);DAYCSTCA16TM;CLASICA DAILY 3.0;CAB;Blanco;M;5
SAMBIL;[DAYCSTCA16TL] CLASICA DAILY 3.0 CAB (Blanco, L);DAYCSTCA16TL;CLASICA DAILY 3.0;CAB;Blanco;L;6
SAMBIL;[DAYCSTCA16TXL] CLASICA DAILY 3.0 CAB (Blanco, XL);DAYCSTCA16TXL;CLASICA DAILY 3.0;CAB;Blanco;XL;5
SAMBIL;[DAYCSTCA16T2XL] CLASICA DAILY 3.0 CAB (Blanco, 2XL);DAYCSTCA16T2XL;CLASICA DAILY 3.0;CAB;Blanco;2XL;3
SAMBIL;[DAYCSTCA43TS] CLASICA DAILY 3.0 CAB (Negro, S);DAYCSTCA43TS;CLASICA DAILY 3.0;CAB;Negro;S;6
SAMBIL;[DAYCSTCA43TM] CLASICA DAILY 3.0 CAB (Negro, M);DAYCSTCA43TM;CLASICA DAILY 3.0;CAB;Negro;M;5
SAMBIL;[DAYCSTCA43TL] CLASICA DAILY 3.0 CAB (Negro, L);DAYCSTCA43TL;CLASICA DAILY 3.0;CAB;Negro;L;3
SAMBIL;[DAYCSTCA43TXL] CLASICA DAILY 3.0 CAB (Negro, XL);DAYCSTCA43TXL;CLASICA DAILY 3.0;CAB;Negro;XL;6
SAMBIL;[DAYCSTCA43T2XL] CLASICA DAILY 3.0 CAB (Negro, 2XL);DAYCSTCA43T2XL;CLASICA DAILY 3.0;CAB;Negro;2XL;3
SAMBIL;[DAYCSTCA66TS] CLASICA DAILY 3.0 CAB (Verde Militar, S);DAYCSTCA66TS;CLASICA DAILY 3.0;CAB;Verde Militar;S;3
SAMBIL;[DAYCSTCA66TM] CLASICA DAILY 3.0 CAB (Verde Militar, M);DAYCSTCA66TM;CLASICA DAILY 3.0;CAB;Verde Militar;M;7
SAMBIL;[DAYCSTCA66TL] CLASICA DAILY 3.0 CAB (Verde Militar, L);DAYCSTCA66TL;CLASICA DAILY 3.0;CAB;Verde Militar;L;5
SAMBIL;[DAYCSTCA66TXL] CLASICA DAILY 3.0 CAB (Verde Militar, XL);DAYCSTCA66TXL;CLASICA DAILY 3.0;CAB;Verde Militar;XL;3
SAMBIL;[DAYCSTCA66T2XL] CLASICA DAILY 3.0 CAB (Verde Militar, 2XL);DAYCSTCA66T2XL;CLASICA DAILY 3.0;CAB;Verde Militar;2XL;2
SAMBIL;[DAYCSTDA16TXS] CLASICA DAILY 3.0 DAMA (Blanco, XS);DAYCSTDA16TXS;CLASICA DAILY 3.0;DAMA;Blanco;XS;3
SAMBIL;[DAYCSTDA16TS] CLASICA DAILY 3.0 DAMA (Blanco, S);DAYCSTDA16TS;CLASICA DAILY 3.0;DAMA;Blanco;S;3
SAMBIL;[DAYCSTDA16TM] CLASICA DAILY 3.0 DAMA (Blanco, M);DAYCSTDA16TM;CLASICA DAILY 3.0;DAMA;Blanco;M;3
SAMBIL;[DAYCSTDA16TXL] CLASICA DAILY 3.0 DAMA (Blanco, XL);DAYCSTDA16TXL;CLASICA DAILY 3.0;DAMA;Blanco;XL;1
SAMBIL;[DAYCSTDA43TXS] CLASICA DAILY 3.0 DAMA (Negro, XS);DAYCSTDA43TXS;CLASICA DAILY 3.0;DAMA;Negro;XS;6
SAMBIL;[DAYCSTDA43TS] CLASICA DAILY 3.0 DAMA (Negro, S);DAYCSTDA43TS;CLASICA DAILY 3.0;DAMA;Negro;S;7
SAMBIL;[DAYCSTDA43TM] CLASICA DAILY 3.0 DAMA (Negro, M);DAYCSTDA43TM;CLASICA DAILY 3.0;DAMA;Negro;M;2
SAMBIL;[DAYCSTDA43TL] CLASICA DAILY 3.0 DAMA (Negro, L);DAYCSTDA43TL;CLASICA DAILY 3.0;DAMA;Negro;L;3
SAMBIL;[DAYCSTDA43TXL] CLASICA DAILY 3.0 DAMA (Negro, XL);DAYCSTDA43TXL;CLASICA DAILY 3.0;DAMA;Negro;XL;3
SAMBIL;[DAYCSTDA66TXS] CLASICA DAILY 3.0 DAMA (Verde Militar, XS);DAYCSTDA66TXS;CLASICA DAILY 3.0;DAMA;Verde Militar;XS;5
SAMBIL;[DAYCSTDA66TS] CLASICA DAILY 3.0 DAMA (Verde Militar, S);DAYCSTDA66TS;CLASICA DAILY 3.0;DAMA;Verde Militar;S;6
SAMBIL;[DAYCSTDA66TM] CLASICA DAILY 3.0 DAMA (Verde Militar, M);DAYCSTDA66TM;CLASICA DAILY 3.0;DAMA;Verde Militar;M;3
SAMBIL;[DAYCSTDA66TL] CLASICA DAILY 3.0 DAMA (Verde Militar, L);DAYCSTDA66TL;CLASICA DAILY 3.0;DAMA;Verde Militar;L;4
SAMBIL;[DAYCSTDA66TXL] CLASICA DAILY 3.0 DAMA (Verde Militar, XL);DAYCSTDA66TXL;CLASICA DAILY 3.0;DAMA;Verde Militar;XL;2
TALLER;[DAYCSTCA16TS] CLASICA DAILY 3.0 CAB (Blanco, S);DAYCSTCA16TS;CLASICA DAILY 3.0;CAB;Blanco;S;25
TALLER;[DAYCSTCA16TM] CLASICA DAILY 3.0 CAB (Blanco, M);DAYCSTCA16TM;CLASICA DAILY 3.0;CAB;Blanco;M;29
TALLER;[DAYCSTCA16TXL] CLASICA DAILY 3.0 CAB (Blanco, XL);DAYCSTCA16TXL;CLASICA DAILY 3.0;CAB;Blanco;XL;9
TALLER;[DAYCSTCA16T2XL] CLASICA DAILY 3.0 CAB (Blanco, 2XL);DAYCSTCA16T2XL;CLASICA DAILY 3.0;CAB;Blanco;2XL;13
TALLER;[DAYCSTCA43TS] CLASICA DAILY 3.0 CAB (Negro, S);DAYCSTCA43TS;CLASICA DAILY 3.0;CAB;Negro;S;113
TALLER;[DAYCSTCA43TM] CLASICA DAILY 3.0 CAB (Negro, M);DAYCSTCA43TM;CLASICA DAILY 3.0;CAB;Negro;M;111
TALLER;[DAYCSTCA43TL] CLASICA DAILY 3.0 CAB (Negro, L);DAYCSTCA43TL;CLASICA DAILY 3.0;CAB;Negro;L;33
TALLER;[DAYCSTCA43TXL] CLASICA DAILY 3.0 CAB (Negro, XL);DAYCSTCA43TXL;CLASICA DAILY 3.0;CAB;Negro;XL;30
TALLER;[DAYCSTCA43T2XL] CLASICA DAILY 3.0 CAB (Negro, 2XL);DAYCSTCA43T2XL;CLASICA DAILY 3.0;CAB;Negro;2XL;21
TALLER;[DAYCSTCA66TS] CLASICA DAILY 3.0 CAB (Verde Militar, S);DAYCSTCA66TS;CLASICA DAILY 3.0;CAB;Verde Militar;S;108
TALLER;[DAYCSTCA66TM] CLASICA DAILY 3.0 CAB (Verde Militar, M);DAYCSTCA66TM;CLASICA DAILY 3.0;CAB;Verde Militar;M;13
TALLER;[DAYCSTCA66TL] CLASICA DAILY 3.0 CAB (Verde Militar, L);DAYCSTCA66TL;CLASICA DAILY 3.0;CAB;Verde Militar;L;31
TALLER;[DAYCSTCA66TXL] CLASICA DAILY 3.0 CAB (Verde Militar, XL);DAYCSTCA66TXL;CLASICA DAILY 3.0;CAB;Verde Militar;XL;8
TALLER;[DAYCSTCA66T2XL] CLASICA DAILY 3.0 CAB (Verde Militar, 2XL);DAYCSTCA66T2XL;CLASICA DAILY 3.0;CAB;Verde Militar;2XL;3
TALLER;[DAYCSTDA16TXS] CLASICA DAILY 3.0 DAMA (Blanco, XS);DAYCSTDA16TXS;CLASICA DAILY 3.0;DAMA;Blanco;XS;14
TALLER;[DAYCSTDA16TS] CLASICA DAILY 3.0 DAMA (Blanco, S);DAYCSTDA16TS;CLASICA DAILY 3.0;DAMA;Blanco;S;48
TALLER;[DAYCSTDA16TM] CLASICA DAILY 3.0 DAMA (Blanco, M);DAYCSTDA16TM;CLASICA DAILY 3.0;DAMA;Blanco;M;47
TALLER;[DAYCSTDA16TL] CLASICA DAILY 3.0 DAMA (Blanco, L);DAYCSTDA16TL;CLASICA DAILY 3.0;DAMA;Blanco;L;29
TALLER;[DAYCSTDA43TXS] CLASICA DAILY 3.0 DAMA (Negro, XS);DAYCSTDA43TXS;CLASICA DAILY 3.0;DAMA;Negro;XS;47
TALLER;[DAYCSTDA43TS] CLASICA DAILY 3.0 DAMA (Negro, S);DAYCSTDA43TS;CLASICA DAILY 3.0;DAMA;Negro;S;57
TALLER;[DAYCSTDA43TM] CLASICA DAILY 3.0 DAMA (Negro, M);DAYCSTDA43TM;CLASICA DAILY 3.0;DAMA;Negro;M;43
TALLER;[DAYCSTDA43TL] CLASICA DAILY 3.0 DAMA (Negro, L);DAYCSTDA43TL;CLASICA DAILY 3.0;DAMA;Negro;L;42
TALLER;[DAYCSTDA43TXL] CLASICA DAILY 3.0 DAMA (Negro, XL);DAYCSTDA43TXL;CLASICA DAILY 3.0;DAMA;Negro;XL;45
TALLER;[DAYCSTDA66TXS] CLASICA DAILY 3.0 DAMA (Verde Militar, XS);DAYCSTDA66TXS;CLASICA DAILY 3.0;DAMA;Verde Militar;XS;41
TALLER;[DAYCSTDA66TS] CLASICA DAILY 3.0 DAMA (Verde Militar, S);DAYCSTDA66TS;CLASICA DAILY 3.0;DAMA;Verde Militar;S;48
TALLER;[DAYCSTDA66TM] CLASICA DAILY 3.0 DAMA (Verde Militar, M);DAYCSTDA66TM;CLASICA DAILY 3.0;DAMA;Verde Militar;M;61
TALLER;[DAYCSTDA66TL] CLASICA DAILY 3.0 DAMA (Verde Militar, L);DAYCSTDA66TL;CLASICA DAILY 3.0;DAMA;Verde Militar;L;9
TALLER;[DAYCSTDA66TXL] CLASICA DAILY 3.0 DAMA (Verde Militar, XL);DAYCSTDA66TXL;CLASICA DAILY 3.0;DAMA;Verde Militar;XL;25
TOLON;[DAYCSTCA16TS] CLASICA DAILY 3.0 CAB (Blanco, S);DAYCSTCA16TS;CLASICA DAILY 3.0;CAB;Blanco;S;4
TOLON;[DAYCSTCA16TM] CLASICA DAILY 3.0 CAB (Blanco, M);DAYCSTCA16TM;CLASICA DAILY 3.0;CAB;Blanco;M;1
TOLON;[DAYCSTCA16TL] CLASICA DAILY 3.0 CAB (Blanco, L);DAYCSTCA16TL;CLASICA DAILY 3.0;CAB;Blanco;L;5
TOLON;[DAYCSTCA43TM] CLASICA DAILY 3.0 CAB (Negro, M);DAYCSTCA43TM;CLASICA DAILY 3.0;CAB;Negro;M;4
TOLON;[DAYCSTCA43TL] CLASICA DAILY 3.0 CAB (Negro, L);DAYCSTCA43TL;CLASICA DAILY 3.0;CAB;Negro;L;9
TOLON;[DAYCSTCA66TS] CLASICA DAILY 3.0 CAB (Verde Militar, S);DAYCSTCA66TS;CLASICA DAILY 3.0;CAB;Verde Militar;S;7
TOLON;[DAYCSTCA66TM] CLASICA DAILY 3.0 CAB (Verde Militar, M);DAYCSTCA66TM;CLASICA DAILY 3.0;CAB;Verde Militar;M;6
TOLON;[DAYCSTCA66TXL] CLASICA DAILY 3.0 CAB (Verde Militar, XL);DAYCSTCA66TXL;CLASICA DAILY 3.0;CAB;Verde Militar;XL;2
TOLON;[DAYCSTDA16TXS] CLASICA DAILY 3.0 DAMA (Blanco, XS);DAYCSTDA16TXS;CLASICA DAILY 3.0;DAMA;Blanco;XS;8
TOLON;[DAYCSTDA16TS] CLASICA DAILY 3.0 DAMA (Blanco, S);DAYCSTDA16TS;CLASICA DAILY 3.0;DAMA;Blanco;S;8
TOLON;[DAYCSTDA16TM] CLASICA DAILY 3.0 DAMA (Blanco, M);DAYCSTDA16TM;CLASICA DAILY 3.0;DAMA;Blanco;M;7
TOLON;[DAYCSTDA16TL] CLASICA DAILY 3.0 DAMA (Blanco, L);DAYCSTDA16TL;CLASICA DAILY 3.0;DAMA;Blanco;L;4
TOLON;[DAYCSTDA16TXL] CLASICA DAILY 3.0 DAMA (Blanco, XL);DAYCSTDA16TXL;CLASICA DAILY 3.0;DAMA;Blanco;XL;6
TOLON;[DAYCSTDA43TXS] CLASICA DAILY 3.0 DAMA (Negro, XS);DAYCSTDA43TXS;CLASICA DAILY 3.0;DAMA;Negro;XS;8
TOLON;[DAYCSTDA43TS] CLASICA DAILY 3.0 DAMA (Negro, S);DAYCSTDA43TS;CLASICA DAILY 3.0;DAMA;Negro;S;9
TOLON;[DAYCSTDA43TM] CLASICA DAILY 3.0 DAMA (Negro, M);DAYCSTDA43TM;CLASICA DAILY 3.0;DAMA;Negro;M;11
TOLON;[DAYCSTDA43TXL] CLASICA DAILY 3.0 DAMA (Negro, XL);DAYCSTDA43TXL;CLASICA DAILY 3.0;DAMA;Negro;XL;8
TOLON;[DAYCSTDA66TXS] CLASICA DAILY 3.0 DAMA (Verde Militar, XS);DAYCSTDA66TXS;CLASICA DAILY 3.0;DAMA;Verde Militar;XS;7
TOLON;[DAYCSTDA66TS] CLASICA DAILY 3.0 DAMA (Verde Militar, S);DAYCSTDA66TS;CLASICA DAILY 3.0;DAMA;Verde Militar;S;5
TOLON;[DAYCSTDA66TM] CLASICA DAILY 3.0 DAMA (Verde Militar, M);DAYCSTDA66TM;CLASICA DAILY 3.0;DAMA;Verde Militar;M;2
VELA;[DAYCSTCA16TM] CLASICA DAILY 3.0 CAB (Blanco, M);DAYCSTCA16TM;CLASICA DAILY 3.0;CAB;Blanco;M;2
VELA;[DAYCSTCA16TL] CLASICA DAILY 3.0 CAB (Blanco, L);DAYCSTCA16TL;CLASICA DAILY 3.0;CAB;Blanco;L;1
VELA;[DAYCSTCA16TXL] CLASICA DAILY 3.0 CAB (Blanco, XL);DAYCSTCA16TXL;CLASICA DAILY 3.0;CAB;Blanco;XL;1
VELA;[DAYCSTCA16T2XL] CLASICA DAILY 3.0 CAB (Blanco, 2XL);DAYCSTCA16T2XL;CLASICA DAILY 3.0;CAB;Blanco;2XL;1
VELA;[DAYCSTCA43TS] CLASICA DAILY 3.0 CAB (Negro, S);DAYCSTCA43TS;CLASICA DAILY 3.0;CAB;Negro;S;1
VELA;[DAYCSTCA43TM] CLASICA DAILY 3.0 CAB (Negro, M);DAYCSTCA43TM;CLASICA DAILY 3.0;CAB;Negro;M;25
VELA;[DAYCSTCA43TL] CLASICA DAILY 3.0 CAB (Negro, L);DAYCSTCA43TL;CLASICA DAILY 3.0;CAB;Negro;L;10
VELA;[DAYCSTCA43TXL] CLASICA DAILY 3.0 CAB (Negro, XL);DAYCSTCA43TXL;CLASICA DAILY 3.0;CAB;Negro;XL;10
VELA;[DAYCSTCA43T2XL] CLASICA DAILY 3.0 CAB (Negro, 2XL);DAYCSTCA43T2XL;CLASICA DAILY 3.0;CAB;Negro;2XL;10
VELA;[DAYCSTCA66TS] CLASICA DAILY 3.0 CAB (Verde Militar, S);DAYCSTCA66TS;CLASICA DAILY 3.0;CAB;Verde Militar;S;4
VELA;[DAYCSTCA66TM] CLASICA DAILY 3.0 CAB (Verde Militar, M);DAYCSTCA66TM;CLASICA DAILY 3.0;CAB;Verde Militar;M;4
VELA;[DAYCSTCA66TL] CLASICA DAILY 3.0 CAB (Verde Militar, L);DAYCSTCA66TL;CLASICA DAILY 3.0;CAB;Verde Militar;L;1
VELA;[DAYCSTCA66TXL] CLASICA DAILY 3.0 CAB (Verde Militar, XL);DAYCSTCA66TXL;CLASICA DAILY 3.0;CAB;Verde Militar;XL;5
VELA;[DAYCSTCA66T2XL] CLASICA DAILY 3.0 CAB (Verde Militar, 2XL);DAYCSTCA66T2XL;CLASICA DAILY 3.0;CAB;Verde Militar;2XL;4
VELA;[DAYCSTDA16TXS] CLASICA DAILY 3.0 DAMA (Blanco, XS);DAYCSTDA16TXS;CLASICA DAILY 3.0;DAMA;Blanco;XS;7
VELA;[DAYCSTDA16TS] CLASICA DAILY 3.0 DAMA (Blanco, S);DAYCSTDA16TS;CLASICA DAILY 3.0;DAMA;Blanco;S;11
VELA;[DAYCSTDA16TM] CLASICA DAILY 3.0 DAMA (Blanco, M);DAYCSTDA16TM;CLASICA DAILY 3.0;DAMA;Blanco;M;3
VELA;[DAYCSTDA16TL] CLASICA DAILY 3.0 DAMA (Blanco, L);DAYCSTDA16TL;CLASICA DAILY 3.0;DAMA;Blanco;L;2
VELA;[DAYCSTDA16TXL] CLASICA DAILY 3.0 DAMA (Blanco, XL);DAYCSTDA16TXL;CLASICA DAILY 3.0;DAMA;Blanco;XL;8
VELA;[DAYCSTDA43TXS] CLASICA DAILY 3.0 DAMA (Negro, XS);DAYCSTDA43TXS;CLASICA DAILY 3.0;DAMA;Negro;XS;19
VELA;[DAYCSTDA43TS] CLASICA DAILY 3.0 DAMA (Negro, S);DAYCSTDA43TS;CLASICA DAILY 3.0;DAMA;Negro;S;21
VELA;[DAYCSTDA43TM] CLASICA DAILY 3.0 DAMA (Negro, M);DAYCSTDA43TM;CLASICA DAILY 3.0;DAMA;Negro;M;4
VELA;[DAYCSTDA43TL] CLASICA DAILY 3.0 DAMA (Negro, L);DAYCSTDA43TL;CLASICA DAILY 3.0;DAMA;Negro;L;5
VELA;[DAYCSTDA43TXL] CLASICA DAILY 3.0 DAMA (Negro, XL);DAYCSTDA43TXL;CLASICA DAILY 3.0;DAMA;Negro;XL;4
VELA;[DAYCSTDA66TS] CLASICA DAILY 3.0 DAMA (Verde Militar, S);DAYCSTDA66TS;CLASICA DAILY 3.0;DAMA;Verde Militar;S;2
VELA;[DAYCSTDA66TM] CLASICA DAILY 3.0 DAMA (Verde Militar, M);DAYCSTDA66TM;CLASICA DAILY 3.0;DAMA;Verde Militar;M;2
VELA;[DAYCSTDA66TL] CLASICA DAILY 3.0 DAMA (Verde Militar, L);DAYCSTDA66TL;CLASICA DAILY 3.0;DAMA;Verde Militar;L;10
VELA;[DAYCSTDA66TXL] CLASICA DAILY 3.0 DAMA (Verde Militar, XL);DAYCSTDA66TXL;CLASICA DAILY 3.0;DAMA;Verde Militar;XL;10
TALLER;[DAYCSTCA16TL] CLASICA DAILY 3.0 CAB (Blanco, L);DAYCSTCA16T2XL;CLASICA DAILY 3.0;CAB;Blanco;XL;1
TALLER;[DAYCSTDA16TXL] CLASICA DAILY 3.0 DAMA (Blanco, XL);DAYCSTDA16TL;CLASICA DAILY 3.0;DAMA;Blanco;XL;22
