Ubicación;Producto;SKU;Modelo;Genero;Color;talla;Cantidad en inventario
CERRO VERDE;[PANNTDA12TXS] EXPLORE PANTS DAMA (Azul Marino, XS);PANNTDA12TXS;EXPLORE PANTS DAMA;Dama;Azul Marino;XS;5,00
CERRO VERDE;[PANNTDA30TXS] EXPLORE PANTS DAMA (Gris Claro, XS);PANNTDA30TXS;EXPLORE PANTS DAMA;Dama;Gris Claro;XS;6,00
CERRO VERDE;[PANNTDA33TXS] EXPLORE PANTS DAMA (Kaki, XS);PANNTDA33TXS;EXPLORE PANTS DAMA;Dama;Kaki;XS;6,00
CERRO VERDE;[PANNTDA43TXS] EXPLORE PANTS DAMA (Negro, XS);PANNTDA43TXS;EXPLORE PANTS DAMA;Dama;Negro;XS;3,00
CERRO VERDE;[PANNTDA66TXS] EXPLORE PANTS DAMA (Verde Militar, XS);PANNTDA66TXS;EXPLORE PANTS DAMA;Dama;Verde Militar;XS;6,00
CERRO VERDE;[PANNTDA12TS] EXPLORE PANTS DAMA (Azul Marino, S);PANNTDA12TS;EXPLORE PANTS DAMA;Dama;Azul Marino;S;3,00
CERRO VERDE;[PANNTDA30TS] EXPLORE PANTS DAMA (Gris Claro, S);PANNTDA30TS;EXPLORE PANTS DAMA;Dama;Gris Claro;S;4,00
CERRO VERDE;[PANNTDA31TS] EXPLORE PANTS DAMA (Gris Oscuro, S);PANNTDA31TS;EXPLORE PANTS DAMA;Dama;Gris Oscuro;S;5,00
CERRO VERDE;[PANNTDA66TS] EXPLORE PANTS DAMA (Verde Militar, S);PANNTDA66TS;EXPLORE PANTS DAMA;Dama;Verde Militar;S;5,00
CERRO VERDE;[PANNTDA12TM] EXPLORE PANTS DAMA (Azul Marino, M);PANNTDA12TM;EXPLORE PANTS DAMA;Dama;Azul Marino;M;5,00
CERRO VERDE;[PANNTDA30TM] EXPLORE PANTS DAMA (Gris Claro, M);PANNTDA30TM;EXPLORE PANTS DAMA;Dama;Gris Claro;M;3,00
CERRO VERDE;[PANNTDA31TM] EXPLORE PANTS DAMA (Gris Oscuro, M);PANNTDA31TM;EXPLORE PANTS DAMA;Dama;Gris Oscuro;M;1,00
CERRO VERDE;[PANNTDA66TM] EXPLORE PANTS DAMA (Verde Militar, M);PANNTDA66TM;EXPLORE PANTS DAMA;Dama;Verde Militar;M;3,00
CERRO VERDE;[PANNTDA30TXL] EXPLORE PANTS DAMA (Gris Claro, XL);PANNTDA30TXL;EXPLORE PANTS DAMA;Dama;Gris Claro;XL;4,00
CERRO VERDE;[PANNTDA66TXL] EXPLORE PANTS DAMA (Verde Militar, XL);PANNTDA66TXL;EXPLORE PANTS DAMA;Dama;Verde Militar;XL;3,00
CERRO VERDE;[PANNTCA12TS] EXPLORE PANTS CAB (Azul Marino, S);PANNTCA12TS;EXPLORE PANTS CAB;Caballero;Azul Marino;S;5,00
CERRO VERDE;[PANNTCA43TS] EXPLORE PANTS CAB (Negro, S);PANNTCA43TS;EXPLORE PANTS CAB;Caballero;Negro;S;15,00
CERRO VERDE;[PANNTCA66TS] EXPLORE PANTS CAB (Verde Militar, S);PANNTCA66TS;EXPLORE PANTS CAB;Caballero;Verde Militar;S;7,00
CERRO VERDE;[PANNTKI66T2] EXPLORE PANTS KIDS (Verde Militar, 2);PANNTKI66T2;EXPLORE PANTS KIDS;Kids;Verde Militar;2;5,00
CERRO VERDE;[PANNTKI66T8] EXPLORE PANTS KIDS (Verde Militar, 8);PANNTKI66T8;EXPLORE PANTS KIDS;Kids;Verde Militar;8;3,00
CERRO VERDE;[PANNTKI12T12] EXPLORE PANTS KIDS (Azul Marino, 12);PANNTKI12T12;EXPLORE PANTS KIDS;Kids;Azul Marino;12;5,00
CERRO VERDE;[PANNTDA12TXL] EXPLORE PANTS DAMA (Azul Marino, XL);PANNTDA12TXL;EXPLORE PANTS DAMA;Dama;Azul Marino;XL;1,00
CERRO VERDE;[PANNTDA43TL] EXPLORE PANTS DAMA (Negro, L);PANNTDA43TL;EXPLORE PANTS DAMA;Dama;Negro;L;1,00
CERRO VERDE;[PANNTDA12TL] EXPLORE PANTS DAMA (Azul Marino, L);PANNTDA12TL;EXPLORE PANTS DAMA;Dama;Azul Marino;L;5,00
CERRO VERDE;[PANNTDA33TXL] EXPLORE PANTS DAMA (Kaki, XL);PANNTDA33TXL;EXPLORE PANTS DAMA;Dama;Kaki;XL;2,00
CERRO VERDE;[PANNTDA43TS] EXPLORE PANTS DAMA (Negro, S);PANNTDA43TS;EXPLORE PANTS DAMA;Dama;Negro;S;2,00
CERRO VERDE;[PANNTKI12T10] EXPLORE PANTS KIDS (Azul Marino, 10);PANNTKI12T10;EXPLORE PANTS KIDS;Kids;Azul Marino;10;4,00
CERRO VERDE;[PANNTKI12T8] EXPLORE PANTS KIDS (Azul Marino, 8);PANNTKI12T8;EXPLORE PANTS KIDS;Kids;Azul Marino;8;3,00
CERRO VERDE;[PANNTKI33T10] EXPLORE PANTS KIDS (Kaki, 10);PANNTKI33T10;EXPLORE PANTS KIDS;Kids;Kaki;10;4,00
CERRO VERDE;[PANNTKI33T8] EXPLORE PANTS KIDS (Kaki, 8);PANNTKI33T8;EXPLORE PANTS KIDS;Kids;Kaki;8;1,00
CERRO VERDE;[PANNTCA43TXL] EXPLORE PANTS CAB (Negro, XL);PANNTCA43TXL;EXPLORE PANTS CAB;Caballero;Negro;XL;3,00
CERRO VERDE;[PANNTCA43TL] EXPLORE PANTS CAB (Negro, L);PANNTCA43TL;EXPLORE PANTS CAB;Caballero;Negro;L;1,00
CERRO VERDE;[PANNTCA12TL] EXPLORE PANTS CAB (Azul Marino, L);PANNTCA12TL;EXPLORE PANTS CAB;Caballero;Azul Marino;L;8,00
CERRO VERDE;[PANNTCA43T2XL] EXPLORE PANTS CAB (Negro, 2XL);PANNTCA43T2XL;EXPLORE PANTS CAB;Caballero;Negro;2XL;3,00
CERRO VERDE;[PANNTCA12TM] EXPLORE PANTS CAB (Azul Marino, M);PANNTCA12TM;EXPLORE PANTS CAB;Caballero;Azul Marino;M;3,00
CERRO VERDE;[PANNTCA66T2XL] EXPLORE PANTS CAB (Verde Militar, 2XL);PANNTCA66T2XL;EXPLORE PANTS CAB;Caballero;Verde Militar;2XL;4,00
CERRO VERDE;[PANNTCA66TL] EXPLORE PANTS CAB (Verde Militar, L);PANNTCA66TL;EXPLORE PANTS CAB;Caballero;Verde Militar;L;2,00
CERRO VERDE;[PANNTCA66TM] EXPLORE PANTS CAB (Verde Militar, M);PANNTCA66TM;EXPLORE PANTS CAB;Caballero;Verde Militar;M;4,00
CERRO VERDE;[PANNTCA33T2XL] EXPLORE PANTS CAB (Kaki, 2XL);PANNTCA33T2XL;EXPLORE PANTS CAB;Caballero;Kaki;2XL;1,00
CERRO VERDE;[PANNTCA33TS] EXPLORE PANTS CAB (Kaki, S);PANNTCA33TS;EXPLORE PANTS CAB;Caballero;Kaki;S;1,00
CERRO VERDE;[PANNTDA43T2XL] EXPLORE PANTS DAMA (Negro, 2XL);PANNTDA43T2XL;EXPLORE PANTS DAMA;Dama;Negro;2XL;-1,00
CERRO VERDE;[PANNTKI66T6] EXPLORE PANTS KIDS (Verde Militar, 6);PANNTKI66T6;EXPLORE PANTS KIDS;Kids;Verde Militar;6;1,00
CERRO VERDE;[PANNTKI66T10] EXPLORE PANTS KIDS (Verde Militar, 10);PANNTKI66T10;EXPLORE PANTS KIDS;Kids;Verde Militar;10;1,00
CERRO VERDE;[PANNTKI43T2] EXPLORE PANTS KIDS (Negro, 2);PANNTKI43T2;EXPLORE PANTS KIDS;Kids;Negro;2;1,00
CERRO VERDE;[PANNTKI43T10] EXPLORE PANTS KIDS (Negro, 10);PANNTKI43T10;EXPLORE PANTS KIDS;Kids;Negro;10;3,00
CERRO VERDE;[PANNTKI33T2] EXPLORE PANTS KIDS (Kaki, 2);PANNTKI33T2;EXPLORE PANTS KIDS;Kids;Kaki;2;3,00
CERRO VERDE;[PANNTKI33T4] EXPLORE PANTS KIDS (Kaki, 4);PANNTKI33T4;EXPLORE PANTS KIDS;Kids;Kaki;4;3,00
CERRO VERDE;[PANNTKI12T2] EXPLORE PANTS KIDS (Azul Marino, 2);PANNTKI12T2;EXPLORE PANTS KIDS;Kids;Azul Marino;2;1,00
CERRO VERDE;[PANNTKI12T6] EXPLORE PANTS KIDS (Azul Marino, 6);PANNTKI12T6;EXPLORE PANTS KIDS;Kids;Azul Marino;6;1,00
CERRO VERDE;[PANNTKI12T4] EXPLORE PANTS KIDS (Azul Marino, 4);PANNTKI12T4;EXPLORE PANTS KIDS;Kids;Azul Marino;4;1,00
CERRO VERDE;[PANNTCA31TS] EXPLORE PANTS CAB (Gris Oscuro, S);PANNTCA31TS;EXPLORE PANTS CAB;Caballero;Gris Oscuro;S;1,00
CERRO VERDE;[PANNTCA33TM] EXPLORE PANTS CAB (Kaki, M);PANNTCA33TM;EXPLORE PANTS CAB;Caballero;Kaki;M;2,00
CERRO VERDE;[EPNTKI33T12] EXPLORE PANTS KIDS (Kaki, 12);EPNTKI33T12;EXPLORE PANTS KIDS;Kids;Kaki;12;3,00
CERRO VERDE;[PANNTKI33T6] EXPLORE PANTS KIDS (Kaki, 6);PANNTKI33T6;EXPLORE PANTS KIDS;Kids;Kaki;6;2,00
CERRO VERDE;[PANNTKI43T12] EXPLORE PANTS KIDS (Negro, 12);PANNTKI43T12;EXPLORE PANTS KIDS;Kids;Negro;12;2,00
CERRO VERDE;[PANNTDA66TS] EXPLORE PANTS DAMA (Verde Militar, S);PANNTDA66TS;EXPLORE PANTS DAMA;Dama;Verde Militar;S;1,00
CERRO VERDE;[PANNTDA30TXS] EXPLORE PANTS DAMA (Gris Claro, XS);PANNTDA30TXS;EXPLORE PANTS DAMA;Dama;Gris Claro;XS;1,00
CERRO VERDE;[PANNTDA30TS] EXPLORE PANTS DAMA (Gris Claro, S);PANNTDA30TS;EXPLORE PANTS DAMA;Dama;Gris Claro;S;1,00
CERRO VERDE;[PANNTDA30TXL] EXPLORE PANTS DAMA (Gris Claro, XL);PANNTDA30TXL;EXPLORE PANTS DAMA;Dama;Gris Claro;XL;1,00
CERRO VERDE;[PANNTCA12TS] EXPLORE PANTS CAB (Azul Marino, S);PANNTCA12TS;EXPLORE PANTS CAB;Caballero;Azul Marino;S;2,00
CERRO VERDE;[PANNTCA30TM] EXPLORE PANTS CAB (Gris Claro, M);PANNTCA30TM;EXPLORE PANTS CAB;Caballero;Gris Claro;M;1,00
CERRO VERDE;[PANNTKI12T2] EXPLORE PANTS KIDS (Azul Marino, 2);PANNTKI12T2;EXPLORE PANTS KIDS;Kids;Azul Marino;2;2,00
CERRO VERDE;[PANNTKI66T2] EXPLORE PANTS KIDS (Verde Militar, 2);PANNTKI66T2;EXPLORE PANTS KIDS;Kids;Verde Militar;2;1,00
CERRO VERDE;[PANNTKI66T8] EXPLORE PANTS KIDS (Verde Militar, 8);PANNTKI66T8;EXPLORE PANTS KIDS;Kids;Verde Militar;8;2,00
CERRO VERDE;[PANNTDA33TM] EXPLORE PANTS DAMA (Kaki, M);PANNTDA33TM;EXPLORE PANTS DAMA;Dama;Kaki;M;2,00
CERRO VERDE;[PANNTKI30T2] EXPLORE PANTS KIDS (Gris Claro, 2);PANNTKI30T2;EXPLORE PANTS KIDS;Kids;Gris Claro;2;2,00
CERRO VERDE;[PANNTKI43T2] EXPLORE PANTS KIDS (Negro, 2);PANNTKI43T2;EXPLORE PANTS KIDS;Kids;Negro;2;2,00
CERRO VERDE;[PANNTKI12T10] EXPLORE PANTS KIDS (Azul Marino, 10);PANNTKI12T10;EXPLORE PANTS KIDS;Kids;Azul Marino;10;1,00
CERRO VERDE;[PANNTDA31TS] EXPLORE PANTS DAMA (Gris Oscuro, S);PANNTDA31TS;EXPLORE PANTS DAMA;Dama;Gris Oscuro;S;2,00
CERRO VERDE;[PANNTKI66T12] EXPLORE PANTS KIDS (Verde Militar, 12);PANNTKI66T12;EXPLORE PANTS KIDS;Kids;Verde Militar;12;1,00
CERRO VERDE;[PANNTDA43TS] EXPLORE PANTS DAMA (Negro, S);PANNTDA43TS;EXPLORE PANTS DAMA;Dama;Negro;S;1,00
CERRO VERDE;[PANNTKI33T8] EXPLORE PANTS KIDS (Kaki, 8);PANNTKI33T8;EXPLORE PANTS KIDS;Kids;Kaki;8;2,00
CERRO VERDE;[EPNTKI33T12] EXPLORE PANTS KIDS (Kaki, 12);EPNTKI33T12;EXPLORE PANTS KIDS;Kids;Kaki;12;2,00
CERRO VERDE;[PANNTCA66TL] EXPLORE PANTS CAB (Verde Militar, L);PANNTCA66TL;EXPLORE PANTS CAB;Caballero;Verde Militar;L;2,00
CERRO VERDE;[PANNTCA66TS] EXPLORE PANTS CAB (Verde Militar, S);PANNTCA66TS;EXPLORE PANTS CAB;Caballero;Verde Militar;S;1,00
CERRO VERDE;[PANNTKI33T10] EXPLORE PANTS KIDS (Kaki, 10);PANNTKI33T10;EXPLORE PANTS KIDS;Kids;Kaki;10;1,00
CERRO VERDE;[PANNTDA66TXL] EXPLORE PANTS DAMA (Verde Militar, XL);PANNTDA66TXL;EXPLORE PANTS DAMA;Dama;Verde Militar;XL;1,00
CERRO VERDE;[PANNTCA12TL] EXPLORE PANTS CAB (Azul Marino, L);PANNTCA12TL;EXPLORE PANTS CAB;Caballero;Azul Marino;L;1,00
CERRO VERDE;[PANNTDA43TL] EXPLORE PANTS DAMA (Negro, L);PANNTDA43TL;EXPLORE PANTS DAMA;Dama;Negro;L;1,00
CERRO VERDE;[PANNTDA31TXS] EXPLORE PANTS DAMA (Gris Oscuro, XS);PANNTDA31TXS;EXPLORE PANTS DAMA;Dama;Gris Oscuro;XS;1,00
CERRO VERDE;[PANNTDA12TM] EXPLORE PANTS DAMA (Azul Marino, M);PANNTDA12TM;EXPLORE PANTS DAMA;Dama;Azul Marino;M;1,00
CERRO VERDE;[PANNTDA30TM] EXPLORE PANTS DAMA (Gris Claro, M);PANNTDA30TM;EXPLORE PANTS DAMA;Dama;Gris Claro;M;1,00
CERRO VERDE;[PANNTDA43TXS] EXPLORE PANTS DAMA (Negro, XS);PANNTDA43TXS;EXPLORE PANTS DAMA;Dama;Negro;XS;1,00
CERRO VERDE;[PANNTDA12TS] EXPLORE PANTS DAMA (Azul Marino, S);PANNTDA12TS;EXPLORE PANTS DAMA;Dama;Azul Marino;S;1,00
CERRO VERDE;[PANNTDA12TL] EXPLORE PANTS DAMA (Azul Marino, L);PANNTDA12TL;EXPLORE PANTS DAMA;Dama;Azul Marino;L;-1,00
CERRO VERDE;[PANNTCA66T2XL] EXPLORE PANTS CAB (Verde Militar, 2XL);PANNTCA66T2XL;EXPLORE PANTS CAB;Caballero;Verde Militar;2XL;1,00
CERRO VERDE;[PANNTDA66TM] EXPLORE PANTS DAMA (Verde Militar, M);PANNTDA66TM;EXPLORE PANTS DAMA;Dama;Verde Militar;M;1,00
CERRO VERDE;[PANNTDA31TM] EXPLORE PANTS DAMA (Gris Oscuro, M);PANNTDA31TM;EXPLORE PANTS DAMA;Dama;Gris Oscuro;M;1,00
CERRO VERDE;[PANNTCA43TL] EXPLORE PANTS CAB (Negro, L);PANNTCA43TL;EXPLORE PANTS CAB;Caballero;Negro;L;2,00
CERRO VERDE;[PANNTCA33TXL] EXPLORE PANTS CAB (Kaki, XL);PANNTCA33TXL;EXPLORE PANTS CAB;Caballero;Kaki;XL;1,00
CERRO VERDE;[PANNTCA33TL] EXPLORE PANTS CAB (Kaki, L);PANNTCA33TL;EXPLORE PANTS CAB;Caballero;Kaki;L;2,00
CERRO VERDE;[PANNTCA12TM] EXPLORE PANTS CAB (Azul Marino, M);PANNTCA12TM;EXPLORE PANTS CAB;Caballero;Azul Marino;M;2,00
CERRO VERDE;[PANNTDA43T2XL] EXPLORE PANTS DAMA (Negro, 2XL);PANNTDA43T2XL;EXPLORE PANTS DAMA;Dama;Negro;2XL;1,00
CERRO VERDE;[PANNTCA33TS] EXPLORE PANTS CAB (Kaki, S);PANNTCA33TS;EXPLORE PANTS CAB;Caballero;Kaki;S;1,00
CERRO VERDE;[PANNTKI12T12] EXPLORE PANTS KIDS (Azul Marino, 12);PANNTKI12T12;EXPLORE PANTS KIDS;Kids;Azul Marino;12;1,00
CERRO VERDE;[PANNTDA33TS] EXPLORE PANTS DAMA (Kaki, S);PANNTDA33TS;EXPLORE PANTS DAMA;Dama;Kaki;S;1,00
CERRO VERDE;[PANNTCA43TXL] EXPLORE PANTS CAB (Negro, XL);PANNTCA43TXL;EXPLORE PANTS CAB;Caballero;Negro;XL;-2,00
CERRO VERDE;[PANNTDA33TXS] EXPLORE PANTS DAMA (Kaki, XS);PANNTDA33TXS;EXPLORE PANTS DAMA;Dama;Kaki;XS;1,00
CERRO VERDE;[PANNTCA33TM] EXPLORE PANTS CAB (Kaki, M);PANNTCA33TM;EXPLORE PANTS CAB;Caballero;Kaki;M;1,00
CERRO VERDE;[PANNTDA33TL] EXPLORE PANTS DAMA (Kaki, L);PANNTDA33TL;EXPLORE PANTS DAMA;Dama;Kaki;L;1,00
CHACAO;[PANNTKI30T8] EXPLORE PANTS KIDS (Gris Claro, 8);PANNTKI30T8;EXPLORE PANTS KIDS;Kids;Gris Claro;8;1,00
CHACAO;[PANNTKI66T8] EXPLORE PANTS KIDS (Verde Militar, 8);PANNTKI66T8;EXPLORE PANTS KIDS;Kids;Verde Militar;8;2,00
CHACAO;[PANNTKI12T8] EXPLORE PANTS KIDS (Azul Marino, 8);PANNTKI12T8;EXPLORE PANTS KIDS;Kids;Azul Marino;8;4,00
CHACAO;[PANNTKI43T6] EXPLORE PANTS KIDS (Negro, 6);PANNTKI43T6;EXPLORE PANTS KIDS;Kids;Negro;6;2,00
CHACAO;[PANNTKI12T6] EXPLORE PANTS KIDS (Azul Marino, 6);PANNTKI12T6;EXPLORE PANTS KIDS;Kids;Azul Marino;6;6,00
CHACAO;[PANNTKI66T4] EXPLORE PANTS KIDS (Verde Militar, 4);PANNTKI66T4;EXPLORE PANTS KIDS;Kids;Verde Militar;4;5,00
CHACAO;[PANNTKI43T4] EXPLORE PANTS KIDS (Negro, 4);PANNTKI43T4;EXPLORE PANTS KIDS;Kids;Negro;4;2,00
CHACAO;[PANNTKI30T4] EXPLORE PANTS KIDS (Gris Claro, 4);PANNTKI30T4;EXPLORE PANTS KIDS;Kids;Gris Claro;4;1,00
CHACAO;[PANNTKI12T4] EXPLORE PANTS KIDS (Azul Marino, 4);PANNTKI12T4;EXPLORE PANTS KIDS;Kids;Azul Marino;4;2,00
CHACAO;[PANNTKI66T2] EXPLORE PANTS KIDS (Verde Militar, 2);PANNTKI66T2;EXPLORE PANTS KIDS;Kids;Verde Militar;2;7,00
CHACAO;[PANNTKI43T2] EXPLORE PANTS KIDS (Negro, 2);PANNTKI43T2;EXPLORE PANTS KIDS;Kids;Negro;2;2,00
CHACAO;[PANNTKI12T2] EXPLORE PANTS KIDS (Azul Marino, 2);PANNTKI12T2;EXPLORE PANTS KIDS;Kids;Azul Marino;2;2,00
CHACAO;[PANNTDA33TXS] EXPLORE PANTS DAMA (Kaki, XS);PANNTDA33TXS;EXPLORE PANTS DAMA;Dama;Kaki;XS;1,00
CHACAO;[PANNTDA12TXS] EXPLORE PANTS DAMA (Azul Marino, XS);PANNTDA12TXS;EXPLORE PANTS DAMA;Dama;Azul Marino;XS;7,00
CHACAO;[PANNTDA30TXS] EXPLORE PANTS DAMA (Gris Claro, XS);PANNTDA30TXS;EXPLORE PANTS DAMA;Dama;Gris Claro;XS;4,00
CHACAO;[PANNTDA66TXS] EXPLORE PANTS DAMA (Verde Militar, XS);PANNTDA66TXS;EXPLORE PANTS DAMA;Dama;Verde Militar;XS;5,00
CHACAO;[PANNTDA31TS] EXPLORE PANTS DAMA (Gris Oscuro, S);PANNTDA31TS;EXPLORE PANTS DAMA;Dama;Gris Oscuro;S;7,00
CHACAO;[PANNTDA43TS] EXPLORE PANTS DAMA (Negro, S);PANNTDA43TS;EXPLORE PANTS DAMA;Dama;Negro;S;4,00
CHACAO;[PANNTDA66TS] EXPLORE PANTS DAMA (Verde Militar, S);PANNTDA66TS;EXPLORE PANTS DAMA;Dama;Verde Militar;S;8,00
CHACAO;[PANNTDA30TS] EXPLORE PANTS DAMA (Gris Claro, S);PANNTDA30TS;EXPLORE PANTS DAMA;Dama;Gris Claro;S;2,00
CHACAO;[PANNTDA30TM] EXPLORE PANTS DAMA (Gris Claro, M);PANNTDA30TM;EXPLORE PANTS DAMA;Dama;Gris Claro;M;3,00
CHACAO;[PANNTDA31TM] EXPLORE PANTS DAMA (Gris Oscuro, M);PANNTDA31TM;EXPLORE PANTS DAMA;Dama;Gris Oscuro;M;3,00
CHACAO;[PANNTCA43TS] EXPLORE PANTS CAB (Negro, S);PANNTCA43TS;EXPLORE PANTS CAB;Caballero;Negro;S;6,00
CHACAO;[PANNTCA33TS] EXPLORE PANTS CAB (Kaki, S);PANNTCA33TS;EXPLORE PANTS CAB;Caballero;Kaki;S;4,00
CHACAO;[PANNTCA66TS] EXPLORE PANTS CAB (Verde Militar, S);PANNTCA66TS;EXPLORE PANTS CAB;Caballero;Verde Militar;S;5,00
CHACAO;[EPNTKI33T12] EXPLORE PANTS KIDS (Kaki, 12);EPNTKI33T12;EXPLORE PANTS KIDS;Kids;Kaki;12;2,00
CHACAO;[PANNTDA33TS] EXPLORE PANTS DAMA (Kaki, S);PANNTDA33TS;EXPLORE PANTS DAMA;Dama;Kaki;S;1,00
CHACAO;[PANNTDA12TS] EXPLORE PANTS DAMA (Azul Marino, S);PANNTDA12TS;EXPLORE PANTS DAMA;Dama;Azul Marino;S;5,00
CHACAO;[PANNTKI12T10] EXPLORE PANTS KIDS (Azul Marino, 10);PANNTKI12T10;EXPLORE PANTS KIDS;Kids;Azul Marino;10;3,00
CHACAO;[PANNTKI33T10] EXPLORE PANTS KIDS (Kaki, 10);PANNTKI33T10;EXPLORE PANTS KIDS;Kids;Kaki;10;2,00
CHACAO;[PANNTKI33T8] EXPLORE PANTS KIDS (Kaki, 8);PANNTKI33T8;EXPLORE PANTS KIDS;Kids;Kaki;8;4,00
CHACAO;[PANNTDA66TL] EXPLORE PANTS DAMA (Verde Militar, L);PANNTDA66TL;EXPLORE PANTS DAMA;Dama;Verde Militar;L;4,00
CHACAO;[PANNTCA43TM] EXPLORE PANTS CAB (Negro, M);PANNTCA43TM;EXPLORE PANTS CAB;Caballero;Negro;M;2,00
CHACAO;[PANNTDA43TXL] EXPLORE PANTS DAMA (Negro, XL);PANNTDA43TXL;EXPLORE PANTS DAMA;Dama;Negro;XL;4,00
CHACAO;[PANNTDA43TL] EXPLORE PANTS DAMA (Negro, L);PANNTDA43TL;EXPLORE PANTS DAMA;Dama;Negro;L;3,00
CHACAO;[PANNTDA12TXL] EXPLORE PANTS DAMA (Azul Marino, XL);PANNTDA12TXL;EXPLORE PANTS DAMA;Dama;Azul Marino;XL;4,00
CHACAO;[PANNTDA66TXL] EXPLORE PANTS DAMA (Verde Militar, XL);PANNTDA66TXL;EXPLORE PANTS DAMA;Dama;Verde Militar;XL;4,00
CHACAO;[PANNTDA12TL] EXPLORE PANTS DAMA (Azul Marino, L);PANNTDA12TL;EXPLORE PANTS DAMA;Dama;Azul Marino;L;4,00
CHACAO;[PANNTDA33TL] EXPLORE PANTS DAMA (Kaki, L);PANNTDA33TL;EXPLORE PANTS DAMA;Dama;Kaki;L;2,00
CHACAO;[PANNTCA33TL] EXPLORE PANTS CAB (Kaki, L);PANNTCA33TL;EXPLORE PANTS CAB;Caballero;Kaki;L;2,00
CHACAO;[PANNTCA66TM] EXPLORE PANTS CAB (Verde Militar, M);PANNTCA66TM;EXPLORE PANTS CAB;Caballero;Verde Militar;M;3,00
CHACAO;[PANNTCA12TL] EXPLORE PANTS CAB (Azul Marino, L);PANNTCA12TL;EXPLORE PANTS CAB;Caballero;Azul Marino;L;2,00
CHACAO;[PANNTKI33T6] EXPLORE PANTS KIDS (Kaki, 6);PANNTKI33T6;EXPLORE PANTS KIDS;Kids;Kaki;6;2,00
CHACAO;[PANNTKI33T4] EXPLORE PANTS KIDS (Kaki, 4);PANNTKI33T4;EXPLORE PANTS KIDS;Kids;Kaki;4;2,00
CHACAO;[PANNTKI12T12] EXPLORE PANTS KIDS (Azul Marino, 12);PANNTKI12T12;EXPLORE PANTS KIDS;Kids;Azul Marino;12;5,00
CHACAO;[PANNTCA12TM] EXPLORE PANTS CAB (Azul Marino, M);PANNTCA12TM;EXPLORE PANTS CAB;Caballero;Azul Marino;M;1,00
CHACAO;[PANNTCA33TM] EXPLORE PANTS CAB (Kaki, M);PANNTCA33TM;EXPLORE PANTS CAB;Caballero;Kaki;M;2,00
CHACAO;[PANNTKI43T10] EXPLORE PANTS KIDS (Negro, 10);PANNTKI43T10;EXPLORE PANTS KIDS;Kids;Negro;10;2,00
CHACAO;[PANNTCA43TL] EXPLORE PANTS CAB (Negro, L);PANNTCA43TL;EXPLORE PANTS CAB;Caballero;Negro;L;1,00
CHACAO;[PANNTKI43T12] EXPLORE PANTS KIDS (Negro, 12);PANNTKI43T12;EXPLORE PANTS KIDS;Kids;Negro;12;2,00
CHACAO;[PANNTCA66TL] EXPLORE PANTS CAB (Verde Militar, L);PANNTCA66TL;EXPLORE PANTS CAB;Caballero;Verde Militar;L;2,00
CHACAO;[PANNTKI66T12] EXPLORE PANTS KIDS (Verde Militar, 12);PANNTKI66T12;EXPLORE PANTS KIDS;Kids;Verde Militar;12;1,00
CHACAO;[PANNTKI43T8] EXPLORE PANTS KIDS (Negro, 8);PANNTKI43T8;EXPLORE PANTS KIDS;Kids;Negro;8;1,00
CHACAO;[PANNTDA12TM] EXPLORE PANTS DAMA (Azul Marino, M);PANNTDA12TM;EXPLORE PANTS DAMA;Dama;Azul Marino;M;1,00
CHACAO;[PANNTDA30TXL] EXPLORE PANTS DAMA (Gris Claro, XL);PANNTDA30TXL;EXPLORE PANTS DAMA;Dama;Gris Claro;XL;1,00
CHACAO;[PANNTDA43TXS] EXPLORE PANTS DAMA (Negro, XS);PANNTDA43TXS;EXPLORE PANTS DAMA;Dama;Negro;XS;2,00
CHACAO;[PANNTCA66TS] EXPLORE PANTS CAB (Verde Militar, S);PANNTCA66TS;EXPLORE PANTS CAB;Caballero;Verde Militar;S;3,00
CHACAO;[PANNTCA43TS] EXPLORE PANTS CAB (Negro, S);PANNTCA43TS;EXPLORE PANTS CAB;Caballero;Negro;S;1,00
CHACAO;[PANNTKI43T2] EXPLORE PANTS KIDS (Negro, 2);PANNTKI43T2;EXPLORE PANTS KIDS;Kids;Negro;2;2,00
CHACAO;[PANNTKI12T6] EXPLORE PANTS KIDS (Azul Marino, 6);PANNTKI12T6;EXPLORE PANTS KIDS;Kids;Azul Marino;6;1,00
CHACAO;[PANNTKI12T2] EXPLORE PANTS KIDS (Azul Marino, 2);PANNTKI12T2;EXPLORE PANTS KIDS;Kids;Azul Marino;2;2,00
CHACAO;[PANNTKI30T6] EXPLORE PANTS KIDS (Gris Claro, 6);PANNTKI30T6;EXPLORE PANTS KIDS;Kids;Gris Claro;6;1,00
CHACAO;[PANNTKI30T4] EXPLORE PANTS KIDS (Gris Claro, 4);PANNTKI30T4;EXPLORE PANTS KIDS;Kids;Gris Claro;4;1,00
CHACAO;[PANNTKI66T2] EXPLORE PANTS KIDS (Verde Militar, 2);PANNTKI66T2;EXPLORE PANTS KIDS;Kids;Verde Militar;2;1,00
CHACAO;[PANNTDA43TXS] EXPLORE PANTS DAMA (Negro, XS);PANNTDA43TXS;EXPLORE PANTS DAMA;Dama;Negro;XS;2,00
CHACAO;[PANNTDA12TXL] EXPLORE PANTS DAMA (Azul Marino, XL);PANNTDA12TXL;EXPLORE PANTS DAMA;Dama;Azul Marino;XL;1,00
CHACAO;[PANNTDA12TS] EXPLORE PANTS DAMA (Azul Marino, S);PANNTDA12TS;EXPLORE PANTS DAMA;Dama;Azul Marino;S;1,00
CHACAO;[PANNTDA30TXL] EXPLORE PANTS DAMA (Gris Claro, XL);PANNTDA30TXL;EXPLORE PANTS DAMA;Dama;Gris Claro;XL;1,00
CHACAO;[PANNTDA66TS] EXPLORE PANTS DAMA (Verde Militar, S);PANNTDA66TS;EXPLORE PANTS DAMA;Dama;Verde Militar;S;2,00
CHACAO;[EPNTKI33T12] EXPLORE PANTS KIDS (Kaki, 12);EPNTKI33T12;EXPLORE PANTS KIDS;Kids;Kaki;12;1,00
CHACAO;[PANNTCA12TS] EXPLORE PANTS CAB (Azul Marino, S);PANNTCA12TS;EXPLORE PANTS CAB;Caballero;Azul Marino;S;3,00
CHACAO;[PANNTKI12T8] EXPLORE PANTS KIDS (Azul Marino, 8);PANNTKI12T8;EXPLORE PANTS KIDS;Kids;Azul Marino;8;1,00
CHACAO;[PANNTKI66T6] EXPLORE PANTS KIDS (Verde Militar, 6);PANNTKI66T6;EXPLORE PANTS KIDS;Kids;Verde Militar;6;2,00
CHACAO;[PANNTKI66T4] EXPLORE PANTS KIDS (Verde Militar, 4);PANNTKI66T4;EXPLORE PANTS KIDS;Kids;Verde Militar;4;1,00
CHACAO;[PANNTKI12T4] EXPLORE PANTS KIDS (Azul Marino, 4);PANNTKI12T4;EXPLORE PANTS KIDS;Kids;Azul Marino;4;1,00
CHACAO;[PANNTKI30T2] EXPLORE PANTS KIDS (Gris Claro, 2);PANNTKI30T2;EXPLORE PANTS KIDS;Kids;Gris Claro;2;1,00
CHACAO;[PANNTDA43TL] EXPLORE PANTS DAMA (Negro, L);PANNTDA43TL;EXPLORE PANTS DAMA;Dama;Negro;L;2,00
CHACAO;[PANNTDA66TXS] EXPLORE PANTS DAMA (Verde Militar, XS);PANNTDA66TXS;EXPLORE PANTS DAMA;Dama;Verde Militar;XS;1,00
CHACAO;[PANNTDA12TXS] EXPLORE PANTS DAMA (Azul Marino, XS);PANNTDA12TXS;EXPLORE PANTS DAMA;Dama;Azul Marino;XS;1,00
CHACAO;[PANNTDA30TM] EXPLORE PANTS DAMA (Gris Claro, M);PANNTDA30TM;EXPLORE PANTS DAMA;Dama;Gris Claro;M;1,00
CHACAO;[PANNTDA30TS] EXPLORE PANTS DAMA (Gris Claro, S);PANNTDA30TS;EXPLORE PANTS DAMA;Dama;Gris Claro;S;1,00
CHACAO;[PANNTKI12T10] EXPLORE PANTS KIDS (Azul Marino, 10);PANNTKI12T10;EXPLORE PANTS KIDS;Kids;Azul Marino;10;1,00
CHACAO;[PANNTCA12TM] EXPLORE PANTS CAB (Azul Marino, M);PANNTCA12TM;EXPLORE PANTS CAB;Caballero;Azul Marino;M;2,00
CHACAO;[PANNTDA31TS] EXPLORE PANTS DAMA (Gris Oscuro, S);PANNTDA31TS;EXPLORE PANTS DAMA;Dama;Gris Oscuro;S;2,00
CHACAO;[PANNTKI66T10] EXPLORE PANTS KIDS (Verde Militar, 10);PANNTKI66T10;EXPLORE PANTS KIDS;Kids;Verde Militar;10;1,00
CHACAO;[PANNTKI12T12] EXPLORE PANTS KIDS (Azul Marino, 12);PANNTKI12T12;EXPLORE PANTS KIDS;Kids;Azul Marino;12;1,00
CHACAO;[PANNTDA33TS] EXPLORE PANTS DAMA (Kaki, S);PANNTDA33TS;EXPLORE PANTS DAMA;Dama;Kaki;S;2,00
CHACAO;[PANNTDA30TXS] EXPLORE PANTS DAMA (Gris Claro, XS);PANNTDA30TXS;EXPLORE PANTS DAMA;Dama;Gris Claro;XS;1,00
CHACAO;[PANNTCA33TS] EXPLORE PANTS CAB (Kaki, S);PANNTCA33TS;EXPLORE PANTS CAB;Caballero;Kaki;S;2,00
CHACAO;[PANNTDA12TM] EXPLORE PANTS DAMA (Azul Marino, M);PANNTDA12TM;EXPLORE PANTS DAMA;Dama;Azul Marino;M;1,00
CHACAO;[PANNTDA43TS] EXPLORE PANTS DAMA (Negro, S);PANNTDA43TS;EXPLORE PANTS DAMA;Dama;Negro;S;1,00
CHACAO;[PANNTDA43TXL] EXPLORE PANTS DAMA (Negro, XL);PANNTDA43TXL;EXPLORE PANTS DAMA;Dama;Negro;XL;1,00
CHACAO;[PANNTDA66TXL] EXPLORE PANTS DAMA (Verde Militar, XL);PANNTDA66TXL;EXPLORE PANTS DAMA;Dama;Verde Militar;XL;1,00
CHACAO;[PANNTCA43TXL] EXPLORE PANTS CAB (Negro, XL);PANNTCA43TXL;EXPLORE PANTS CAB;Caballero;Negro;XL;2,00
CHACAO;[PANNTKI43T10] EXPLORE PANTS KIDS (Negro, 10);PANNTKI43T10;EXPLORE PANTS KIDS;Kids;Negro;10;1,00
CHACAO;[PANNTKI33T2] EXPLORE PANTS KIDS (Kaki, 2);PANNTKI33T2;EXPLORE PANTS KIDS;Kids;Kaki;2;2,00
CHACAO;[PANNTDA33TL] EXPLORE PANTS DAMA (Kaki, L);PANNTDA33TL;EXPLORE PANTS DAMA;Dama;Kaki;L;1,00
CHACAO;[PANNTCA33TM] EXPLORE PANTS CAB (Kaki, M);PANNTCA33TM;EXPLORE PANTS CAB;Caballero;Kaki;M;2,00
CHACAO;[PANNTCA33TL] EXPLORE PANTS CAB (Kaki, L);PANNTCA33TL;EXPLORE PANTS CAB;Caballero;Kaki;L;2,00
CHACAO;[PANNTCA43TL] EXPLORE PANTS CAB (Negro, L);PANNTCA43TL;EXPLORE PANTS CAB;Caballero;Negro;L;1,00
CHACAO;[PANNTCA66TL] EXPLORE PANTS CAB (Verde Militar, L);PANNTCA66TL;EXPLORE PANTS CAB;Caballero;Verde Militar;L;1,00
CHACAO;[PANNTCA66TM] EXPLORE PANTS CAB (Verde Militar, M);PANNTCA66TM;EXPLORE PANTS CAB;Caballero;Verde Militar;M;1,00
CHACAO;[PANNTDA12TL] EXPLORE PANTS DAMA (Azul Marino, L);PANNTDA12TL;EXPLORE PANTS DAMA;Dama;Azul Marino;L;1,00
CHACAO;[PANNTDA31TM] EXPLORE PANTS DAMA (Gris Oscuro, M);PANNTDA31TM;EXPLORE PANTS DAMA;Dama;Gris Oscuro;M;1,00
CHACAO;[PANNTDA31TXS] EXPLORE PANTS DAMA (Gris Oscuro, XS);PANNTDA31TXS;EXPLORE PANTS DAMA;Dama;Gris Oscuro;XS;1,00
CHACAO;[PANNTDA43TM] EXPLORE PANTS DAMA (Negro, M);PANNTDA43TM;EXPLORE PANTS DAMA;Dama;Negro;M;1,00
CHACAO;[PANNTDA66TL] EXPLORE PANTS DAMA (Verde Militar, L);PANNTDA66TL;EXPLORE PANTS DAMA;Dama;Verde Militar;L;1,00
CHACAO;[PANNTCA43TM] EXPLORE PANTS CAB (Negro, M);PANNTCA43TM;EXPLORE PANTS CAB;Caballero;Negro;M;-1,00
GRANDPLAZ;[PANNTCA43TXL] EXPLORE PANTS CAB (Negro, XL);PANNTCA43TXL;EXPLORE PANTS CAB;Caballero;Negro;XL;4,00
GRANDPLAZ;[PANNTCA33TM] EXPLORE PANTS CAB (Kaki, M);PANNTCA33TM;EXPLORE PANTS CAB;Caballero;Kaki;M;2,00
GRANDPLAZ;[PANNTDA33TXL] EXPLORE PANTS DAMA (Kaki, XL);PANNTDA33TXL;EXPLORE PANTS DAMA;Dama;Kaki;XL;1,00
GRANDPLAZ;[PANNTDA33TM] EXPLORE PANTS DAMA (Kaki, M);PANNTDA33TM;EXPLORE PANTS DAMA;Dama;Kaki;M;1,00
GRANDPLAZ;[PANNTCA33TL] EXPLORE PANTS CAB (Kaki, L);PANNTCA33TL;EXPLORE PANTS CAB;Caballero;Kaki;L;4,00
GRANDPLAZ;[PANNTDA66TL] EXPLORE PANTS DAMA (Verde Militar, L);PANNTDA66TL;EXPLORE PANTS DAMA;Dama;Verde Militar;L;1,00
GRANDPLAZ;[PANNTCA12TM] EXPLORE PANTS CAB (Azul Marino, M);PANNTCA12TM;EXPLORE PANTS CAB;Caballero;Azul Marino;M;2,00
GRANDPLAZ;[PANNTCA43TM] EXPLORE PANTS CAB (Negro, M);PANNTCA43TM;EXPLORE PANTS CAB;Caballero;Negro;M;1,00
GRANDPLAZ;[PANNTCA43TL] EXPLORE PANTS CAB (Negro, L);PANNTCA43TL;EXPLORE PANTS CAB;Caballero;Negro;L;6,00
GRANDPLAZ;[PANNTCA66TM] EXPLORE PANTS CAB (Verde Militar, M);PANNTCA66TM;EXPLORE PANTS CAB;Caballero;Verde Militar;M;2,00
GRANDPLAZ;[PANNTCA66TL] EXPLORE PANTS CAB (Verde Militar, L);PANNTCA66TL;EXPLORE PANTS CAB;Caballero;Verde Militar;L;1,00
GRANDPLAZ;[PANNTCA12TL] EXPLORE PANTS CAB (Azul Marino, L);PANNTCA12TL;EXPLORE PANTS CAB;Caballero;Azul Marino;L;1,00
GRANDPLAZ;[PANNTDA12TXS] EXPLORE PANTS DAMA (Azul Marino, XS);PANNTDA12TXS;EXPLORE PANTS DAMA;Dama;Azul Marino;XS;2,00
GRANDPLAZ;[PANNTDA43TS] EXPLORE PANTS DAMA (Negro, S);PANNTDA43TS;EXPLORE PANTS DAMA;Dama;Negro;S;2,00
GRANDPLAZ;[PANNTDA43TL] EXPLORE PANTS DAMA (Negro, L);PANNTDA43TL;EXPLORE PANTS DAMA;Dama;Negro;L;2,00
GRANDPLAZ;[PANNTDA43TM] EXPLORE PANTS DAMA (Negro, M);PANNTDA43TM;EXPLORE PANTS DAMA;Dama;Negro;M;2,00
GRANDPLAZ;[PANNTCA33TS] EXPLORE PANTS CAB (Kaki, S);PANNTCA33TS;EXPLORE PANTS CAB;Caballero;Kaki;S;2,00
GRANDPLAZ;[PANNTDA43TM] EXPLORE PANTS DAMA (Negro, M);PANNTDA43TM;EXPLORE PANTS DAMA;Dama;Negro;M;2,00
GRANDPLAZ;[PANNTDA43TL] EXPLORE PANTS DAMA (Negro, L);PANNTDA43TL;EXPLORE PANTS DAMA;Dama;Negro;L;1,00
GRANDPLAZ;[PANNTDA66TXS] EXPLORE PANTS DAMA (Verde Militar, XS);PANNTDA66TXS;EXPLORE PANTS DAMA;Dama;Verde Militar;XS;2,00
GRANDPLAZ;[PANNTDA31TXS] EXPLORE PANTS DAMA (Gris Oscuro, XS);PANNTDA31TXS;EXPLORE PANTS DAMA;Dama;Gris Oscuro;XS;2,00
GRANDPLAZ;[PANNTDA30TL] EXPLORE PANTS DAMA (Gris Claro, L);PANNTDA30TL;EXPLORE PANTS DAMA;Dama;Gris Claro;L;1,00
GRANDPLAZ;[PANNTDA66TXL] EXPLORE PANTS DAMA (Verde Militar, XL);PANNTDA66TXL;EXPLORE PANTS DAMA;Dama;Verde Militar;XL;1,00
GRANDPLAZ;[PANNTDA33TXL] EXPLORE PANTS DAMA (Kaki, XL);PANNTDA33TXL;EXPLORE PANTS DAMA;Dama;Kaki;XL;2,00
GRANDPLAZ;[PANNTDA12TXS] EXPLORE PANTS DAMA (Azul Marino, XS);PANNTDA12TXS;EXPLORE PANTS DAMA;Dama;Azul Marino;XS;1,00
GRANDPLAZ;[PANNTDA31TS] EXPLORE PANTS DAMA (Gris Oscuro, S);PANNTDA31TS;EXPLORE PANTS DAMA;Dama;Gris Oscuro;S;2,00
GRANDPLAZ;[PANNTDA30TXS] EXPLORE PANTS DAMA (Gris Claro, XS);PANNTDA30TXS;EXPLORE PANTS DAMA;Dama;Gris Claro;XS;1,00
GRANDPLAZ;[PANNTDA12TM] EXPLORE PANTS DAMA (Azul Marino, M);PANNTDA12TM;EXPLORE PANTS DAMA;Dama;Azul Marino;M;2,00
GRANDPLAZ;[PANNTDA30TM] EXPLORE PANTS DAMA (Gris Claro, M);PANNTDA30TM;EXPLORE PANTS DAMA;Dama;Gris Claro;M;2,00
GRANDPLAZ;[PANNTDA12TS] EXPLORE PANTS DAMA (Azul Marino, S);PANNTDA12TS;EXPLORE PANTS DAMA;Dama;Azul Marino;S;2,00
GRANDPLAZ;[PANNTDA66TS] EXPLORE PANTS DAMA (Verde Militar, S);PANNTDA66TS;EXPLORE PANTS DAMA;Dama;Verde Militar;S;2,00
GRANDPLAZ;[PANNTCA43TS] EXPLORE PANTS CAB (Negro, S);PANNTCA43TS;EXPLORE PANTS CAB;Caballero;Negro;S;2,00
GRANDPLAZ;[PANNTCA30TS] EXPLORE PANTS CAB (Gris Claro, S);PANNTCA30TS;EXPLORE PANTS CAB;Caballero;Gris Claro;S;1,00
GRANDPLAZ;[PANNTCA33TL] EXPLORE PANTS CAB (Kaki, L);PANNTCA33TL;EXPLORE PANTS CAB;Caballero;Kaki;L;1,00
GRANDPLAZ;[PANNTCA30TL] EXPLORE PANTS CAB (Gris Claro, L);PANNTCA30TL;EXPLORE PANTS CAB;Caballero;Gris Claro;L;1,00
GRANDPLAZ;[PANNTCA12TL] EXPLORE PANTS CAB (Azul Marino, L);PANNTCA12TL;EXPLORE PANTS CAB;Caballero;Azul Marino;L;2,00
GRANDPLAZ;[PANNTCA31TS] EXPLORE PANTS CAB (Gris Oscuro, S);PANNTCA31TS;EXPLORE PANTS CAB;Caballero;Gris Oscuro;S;1,00
GRANDPLAZ;[PANNTDA66TM] EXPLORE PANTS DAMA (Verde Militar, M);PANNTDA66TM;EXPLORE PANTS DAMA;Dama;Verde Militar;M;1,00
GRANDPLAZ;[PANNTCA12TS] EXPLORE PANTS CAB (Azul Marino, S);PANNTCA12TS;EXPLORE PANTS CAB;Caballero;Azul Marino;S;2,00
GRANDPLAZ;[PANNTCA33TS] EXPLORE PANTS CAB (Kaki, S);PANNTCA33TS;EXPLORE PANTS CAB;Caballero;Kaki;S;2,00
GRANDPLAZ;[PANNTDA66TL] EXPLORE PANTS DAMA (Verde Militar, L);PANNTDA66TL;EXPLORE PANTS DAMA;Dama;Verde Militar;L;2,00
GRANDPLAZ;[PANNTCA66TM] EXPLORE PANTS CAB (Verde Militar, M);PANNTCA66TM;EXPLORE PANTS CAB;Caballero;Verde Militar;M;1,00
GRANDPLAZ;[PANNTDA43TXS] EXPLORE PANTS DAMA (Negro, XS);PANNTDA43TXS;EXPLORE PANTS DAMA;Dama;Negro;XS;2,00
GRANDPLAZ;[PANNTDA33TM] EXPLORE PANTS DAMA (Kaki, M);PANNTDA33TM;EXPLORE PANTS DAMA;Dama;Kaki;M;2,00
GRANDPLAZ;[PANNTKI33T10] EXPLORE PANTS KIDS (Kaki, 10);PANNTKI33T10;EXPLORE PANTS KIDS;Kids;Kaki;10;3,00
GRANDPLAZ;[PANNTKI33T2] EXPLORE PANTS KIDS (Kaki, 2);PANNTKI33T2;EXPLORE PANTS KIDS;Kids;Kaki;2;2,00
GRANDPLAZ;[PANNTCA43TXL] EXPLORE PANTS CAB (Negro, XL);PANNTCA43TXL;EXPLORE PANTS CAB;Caballero;Negro;XL;2,00
GRANDPLAZ;[PANNTCA30TM] EXPLORE PANTS CAB (Gris Claro, M);PANNTCA30TM;EXPLORE PANTS CAB;Caballero;Gris Claro;M;1,00
GRANDPLAZ;[PANNTDA33TL] EXPLORE PANTS DAMA (Kaki, L);PANNTDA33TL;EXPLORE PANTS DAMA;Dama;Kaki;L;2,00
GRANDPLAZ;[PANNTDA33TXS] EXPLORE PANTS DAMA (Kaki, XS);PANNTDA33TXS;EXPLORE PANTS DAMA;Dama;Kaki;XS;2,00
GRANDPLAZ;[PANNTDA33TS] EXPLORE PANTS DAMA (Kaki, S);PANNTDA33TS;EXPLORE PANTS DAMA;Dama;Kaki;S;2,00
GRIETA;[PANNTCA43TS] EXPLORE PANTS CAB (Negro, S);PANNTCA43TS;EXPLORE PANTS CAB;Caballero;Negro;S;5,00
GRIETA;[PANNTCA12TS] EXPLORE PANTS CAB (Azul Marino, S);PANNTCA12TS;EXPLORE PANTS CAB;Caballero;Azul Marino;S;8,00
GRIETA;[PANNTCA33TS] EXPLORE PANTS CAB (Kaki, S);PANNTCA33TS;EXPLORE PANTS CAB;Caballero;Kaki;S;1,00
GRIETA;[PANNTCA66TS] EXPLORE PANTS CAB (Verde Militar, S);PANNTCA66TS;EXPLORE PANTS CAB;Caballero;Verde Militar;S;8,00
GRIETA;[PANNTCA30TM] EXPLORE PANTS CAB (Gris Claro, M);PANNTCA30TM;EXPLORE PANTS CAB;Caballero;Gris Claro;M;2,00
GRIETA;[PANNTCA31TM] EXPLORE PANTS CAB (Gris Oscuro, M);PANNTCA31TM;EXPLORE PANTS CAB;Caballero;Gris Oscuro;M;2,00
GRIETA;[PANNTCA12TM] EXPLORE PANTS CAB (Azul Marino, M);PANNTCA12TM;EXPLORE PANTS CAB;Caballero;Azul Marino;M;9,00
GRIETA;[PANNTCA66TM] EXPLORE PANTS CAB (Verde Militar, M);PANNTCA66TM;EXPLORE PANTS CAB;Caballero;Verde Militar;M;5,00
GRIETA;[PANNTKI30T6] EXPLORE PANTS KIDS (Gris Claro, 6);PANNTKI30T6;EXPLORE PANTS KIDS;Kids;Gris Claro;6;1,00
GRIETA;[PANNTKI30T2] EXPLORE PANTS KIDS (Gris Claro, 2);PANNTKI30T2;EXPLORE PANTS KIDS;Kids;Gris Claro;2;1,00
GRIETA;[PANNTKI31T2] EXPLORE PANTS KIDS (Gris Oscuro, 2);PANNTKI31T2;EXPLORE PANTS KIDS;Kids;Gris Oscuro;2;1,00
GRIETA;[PANNTKI66T6] EXPLORE PANTS KIDS (Verde Militar, 6);PANNTKI66T6;EXPLORE PANTS KIDS;Kids;Verde Militar;6;1,00
GRIETA;[PANNTKI66T8] EXPLORE PANTS KIDS (Verde Militar, 8);PANNTKI66T8;EXPLORE PANTS KIDS;Kids;Verde Militar;8;3,00
GRIETA;[PANNTKI66T12] EXPLORE PANTS KIDS (Verde Militar, 12);PANNTKI66T12;EXPLORE PANTS KIDS;Kids;Verde Militar;12;1,00
GRIETA;[PANNTKI66T2] EXPLORE PANTS KIDS (Verde Militar, 2);PANNTKI66T2;EXPLORE PANTS KIDS;Kids;Verde Militar;2;3,00
GRIETA;[PANNTKI66T4] EXPLORE PANTS KIDS (Verde Militar, 4);PANNTKI66T4;EXPLORE PANTS KIDS;Kids;Verde Militar;4;2,00
GRIETA;[PANNTKI66T10] EXPLORE PANTS KIDS (Verde Militar, 10);PANNTKI66T10;EXPLORE PANTS KIDS;Kids;Verde Militar;10;3,00
GRIETA;[PANNTKI12T2] EXPLORE PANTS KIDS (Azul Marino, 2);PANNTKI12T2;EXPLORE PANTS KIDS;Kids;Azul Marino;2;6,00
GRIETA;[PANNTKI12T4] EXPLORE PANTS KIDS (Azul Marino, 4);PANNTKI12T4;EXPLORE PANTS KIDS;Kids;Azul Marino;4;2,00
GRIETA;[PANNTKI12T6] EXPLORE PANTS KIDS (Azul Marino, 6);PANNTKI12T6;EXPLORE PANTS KIDS;Kids;Azul Marino;6;3,00
GRIETA;[PANNTKI12T8] EXPLORE PANTS KIDS (Azul Marino, 8);PANNTKI12T8;EXPLORE PANTS KIDS;Kids;Azul Marino;8;4,00
GRIETA;[PANNTKI12T12] EXPLORE PANTS KIDS (Azul Marino, 12);PANNTKI12T12;EXPLORE PANTS KIDS;Kids;Azul Marino;12;5,00
GRIETA;[PANNTKI12T10] EXPLORE PANTS KIDS (Azul Marino, 10);PANNTKI12T10;EXPLORE PANTS KIDS;Kids;Azul Marino;10;3,00
GRIETA;[PANNTKI33T6] EXPLORE PANTS KIDS (Kaki, 6);PANNTKI33T6;EXPLORE PANTS KIDS;Kids;Kaki;6;1,00
GRIETA;[PANNTKI43T2] EXPLORE PANTS KIDS (Negro, 2);PANNTKI43T2;EXPLORE PANTS KIDS;Kids;Negro;2;2,00
GRIETA;[PANNTKI43T4] EXPLORE PANTS KIDS (Negro, 4);PANNTKI43T4;EXPLORE PANTS KIDS;Kids;Negro;4;3,00
GRIETA;[PANNTKI43T6] EXPLORE PANTS KIDS (Negro, 6);PANNTKI43T6;EXPLORE PANTS KIDS;Kids;Negro;6;3,00
GRIETA;[PANNTKI43T8] EXPLORE PANTS KIDS (Negro, 8);PANNTKI43T8;EXPLORE PANTS KIDS;Kids;Negro;8;1,00
GRIETA;[PANNTDA12TXL] EXPLORE PANTS DAMA (Azul Marino, XL);PANNTDA12TXL;EXPLORE PANTS DAMA;Dama;Azul Marino;XL;3,00
GRIETA;[PANNTDA30TXL] EXPLORE PANTS DAMA (Gris Claro, XL);PANNTDA30TXL;EXPLORE PANTS DAMA;Dama;Gris Claro;XL;2,00
GRIETA;[PANNTDA33TXL] EXPLORE PANTS DAMA (Kaki, XL);PANNTDA33TXL;EXPLORE PANTS DAMA;Dama;Kaki;XL;2,00
GRIETA;[PANNTDA66TXL] EXPLORE PANTS DAMA (Verde Militar, XL);PANNTDA66TXL;EXPLORE PANTS DAMA;Dama;Verde Militar;XL;1,00
GRIETA;[PANNTDA12TM] EXPLORE PANTS DAMA (Azul Marino, M);PANNTDA12TM;EXPLORE PANTS DAMA;Dama;Azul Marino;M;4,00
GRIETA;[PANNTDA43TM] EXPLORE PANTS DAMA (Negro, M);PANNTDA43TM;EXPLORE PANTS DAMA;Dama;Negro;M;2,00
GRIETA;[PANNTDA66TM] EXPLORE PANTS DAMA (Verde Militar, M);PANNTDA66TM;EXPLORE PANTS DAMA;Dama;Verde Militar;M;3,00
GRIETA;[PANNTDA30TS] EXPLORE PANTS DAMA (Gris Claro, S);PANNTDA30TS;EXPLORE PANTS DAMA;Dama;Gris Claro;S;4,00
GRIETA;[PANNTDA66TS] EXPLORE PANTS DAMA (Verde Militar, S);PANNTDA66TS;EXPLORE PANTS DAMA;Dama;Verde Militar;S;3,00
GRIETA;[PANNTDA31TS] EXPLORE PANTS DAMA (Gris Oscuro, S);PANNTDA31TS;EXPLORE PANTS DAMA;Dama;Gris Oscuro;S;5,00
GRIETA;[PANNTDA12TXS] EXPLORE PANTS DAMA (Azul Marino, XS);PANNTDA12TXS;EXPLORE PANTS DAMA;Dama;Azul Marino;XS;5,00
GRIETA;[PANNTDA12TS] EXPLORE PANTS DAMA (Azul Marino, S);PANNTDA12TS;EXPLORE PANTS DAMA;Dama;Azul Marino;S;2,00
GRIETA;[PANNTDA30TXS] EXPLORE PANTS DAMA (Gris Claro, XS);PANNTDA30TXS;EXPLORE PANTS DAMA;Dama;Gris Claro;XS;6,00
GRIETA;[PANNTDA43TXS] EXPLORE PANTS DAMA (Negro, XS);PANNTDA43TXS;EXPLORE PANTS DAMA;Dama;Negro;XS;8,00
GRIETA;[PANNTDA33TXS] EXPLORE PANTS DAMA (Kaki, XS);PANNTDA33TXS;EXPLORE PANTS DAMA;Dama;Kaki;XS;5,00
GRIETA;[PANNTDA66TXS] EXPLORE PANTS DAMA (Verde Militar, XS);PANNTDA66TXS;EXPLORE PANTS DAMA;Dama;Verde Militar;XS;5,00
GRIETA;[PANNTDA31TXS] EXPLORE PANTS DAMA (Gris Oscuro, XS);PANNTDA31TXS;EXPLORE PANTS DAMA;Dama;Gris Oscuro;XS;1,00
GRIETA;[PANNTDA43TS] EXPLORE PANTS DAMA (Negro, S);PANNTDA43TS;EXPLORE PANTS DAMA;Dama;Negro;S;3,00
GRIETA;[PANNTKI33T2] EXPLORE PANTS KIDS (Kaki, 2);PANNTKI33T2;EXPLORE PANTS KIDS;Kids;Kaki;2;3,00
GRIETA;[PANNTKI30T10] EXPLORE PANTS KIDS (Gris Claro, 10);PANNTKI30T10;EXPLORE PANTS KIDS;Kids;Gris Claro;10;1,00
GRIETA;[PANNTDA33TS] EXPLORE PANTS DAMA (Kaki, S);PANNTDA33TS;EXPLORE PANTS DAMA;Dama;Kaki;S;1,00
GRIETA;[PANNTDA33TM] EXPLORE PANTS DAMA (Kaki, M);PANNTDA33TM;EXPLORE PANTS DAMA;Dama;Kaki;M;6,00
GRIETA;[PANNTCA66TL] EXPLORE PANTS CAB (Verde Militar, L);PANNTCA66TL;EXPLORE PANTS CAB;Caballero;Verde Militar;L;2,00
GRIETA;[PANNTCA66TXL] EXPLORE PANTS CAB (Verde Militar, XL);PANNTCA66TXL;EXPLORE PANTS CAB;Caballero;Verde Militar;XL;5,00
GRIETA;[PANNTCA12TXL] EXPLORE PANTS CAB (Azul Marino, XL);PANNTCA12TXL;EXPLORE PANTS CAB;Caballero;Azul Marino;XL;2,00
GRIETA;[PANNTCA33TXL] EXPLORE PANTS CAB (Kaki, XL);PANNTCA33TXL;EXPLORE PANTS CAB;Caballero;Kaki;XL;2,00
GRIETA;[PANNTCA12TL] EXPLORE PANTS CAB (Azul Marino, L);PANNTCA12TL;EXPLORE PANTS CAB;Caballero;Azul Marino;L;2,00
GRIETA;[PANNTCA43TL] EXPLORE PANTS CAB (Negro, L);PANNTCA43TL;EXPLORE PANTS CAB;Caballero;Negro;L;1,00
GRIETA;[PANNTCA33T2XL] EXPLORE PANTS CAB (Kaki, 2XL);PANNTCA33T2XL;EXPLORE PANTS CAB;Caballero;Kaki;2XL;1,00
GRIETA;[PANNTCA33TM] EXPLORE PANTS CAB (Kaki, M);PANNTCA33TM;EXPLORE PANTS CAB;Caballero;Kaki;M;2,00
GRIETA;[EPNTKI33T12] EXPLORE PANTS KIDS (Kaki, 12);EPNTKI33T12;EXPLORE PANTS KIDS;Kids;Kaki;12;3,00
GRIETA;[PANNTKI33T10] EXPLORE PANTS KIDS (Kaki, 10);PANNTKI33T10;EXPLORE PANTS KIDS;Kids;Kaki;10;2,00
GRIETA;[PANNTKI33T8] EXPLORE PANTS KIDS (Kaki, 8);PANNTKI33T8;EXPLORE PANTS KIDS;Kids;Kaki;8;2,00
GRIETA;[PANNTKI43T10] EXPLORE PANTS KIDS (Negro, 10);PANNTKI43T10;EXPLORE PANTS KIDS;Kids;Negro;10;2,00
GRIETA;[PANNTCA66TS] EXPLORE PANTS CAB (Verde Militar, S);PANNTCA66TS;EXPLORE PANTS CAB;Caballero;Verde Militar;S;2,00
GRIETA;[PANNTCA30TS] EXPLORE PANTS CAB (Gris Claro, S);PANNTCA30TS;EXPLORE PANTS CAB;Caballero;Gris Claro;S;1,00
GRIETA;[PANNTCA30TM] EXPLORE PANTS CAB (Gris Claro, M);PANNTCA30TM;EXPLORE PANTS CAB;Caballero;Gris Claro;M;1,00
GRIETA;[PANNTCA33TS] EXPLORE PANTS CAB (Kaki, S);PANNTCA33TS;EXPLORE PANTS CAB;Caballero;Kaki;S;2,00
GRIETA;[PANNTKI43T4] EXPLORE PANTS KIDS (Negro, 4);PANNTKI43T4;EXPLORE PANTS KIDS;Kids;Negro;4;1,00
GRIETA;[PANNTKI43T6] EXPLORE PANTS KIDS (Negro, 6);PANNTKI43T6;EXPLORE PANTS KIDS;Kids;Negro;6;1,00
GRIETA;[PANNTKI66T4] EXPLORE PANTS KIDS (Verde Militar, 4);PANNTKI66T4;EXPLORE PANTS KIDS;Kids;Verde Militar;4;2,00
GRIETA;[PANNTKI66T2] EXPLORE PANTS KIDS (Verde Militar, 2);PANNTKI66T2;EXPLORE PANTS KIDS;Kids;Verde Militar;2;1,00
GRIETA;[PANNTKI66T8] EXPLORE PANTS KIDS (Verde Militar, 8);PANNTKI66T8;EXPLORE PANTS KIDS;Kids;Verde Militar;8;1,00
GRIETA;[PANNTKI66T10] EXPLORE PANTS KIDS (Verde Militar, 10);PANNTKI66T10;EXPLORE PANTS KIDS;Kids;Verde Militar;10;1,00
GRIETA;[PANNTKI12T6] EXPLORE PANTS KIDS (Azul Marino, 6);PANNTKI12T6;EXPLORE PANTS KIDS;Kids;Azul Marino;6;1,00
GRIETA;[PANNTKI12T2] EXPLORE PANTS KIDS (Azul Marino, 2);PANNTKI12T2;EXPLORE PANTS KIDS;Kids;Azul Marino;2;1,00
GRIETA;[PANNTKI12T8] EXPLORE PANTS KIDS (Azul Marino, 8);PANNTKI12T8;EXPLORE PANTS KIDS;Kids;Azul Marino;8;1,00
GRIETA;[PANNTKI12T10] EXPLORE PANTS KIDS (Azul Marino, 10);PANNTKI12T10;EXPLORE PANTS KIDS;Kids;Azul Marino;10;1,00
GRIETA;[PANNTKI12T4] EXPLORE PANTS KIDS (Azul Marino, 4);PANNTKI12T4;EXPLORE PANTS KIDS;Kids;Azul Marino;4;1,00
GRIETA;[PANNTKI30T2] EXPLORE PANTS KIDS (Gris Claro, 2);PANNTKI30T2;EXPLORE PANTS KIDS;Kids;Gris Claro;2;1,00
GRIETA;[PANNTKI30T6] EXPLORE PANTS KIDS (Gris Claro, 6);PANNTKI30T6;EXPLORE PANTS KIDS;Kids;Gris Claro;6;1,00
GRIETA;[PANNTKI30T10] EXPLORE PANTS KIDS (Gris Claro, 10);PANNTKI30T10;EXPLORE PANTS KIDS;Kids;Gris Claro;10;1,00
GRIETA;[PANNTKI33T2] EXPLORE PANTS KIDS (Kaki, 2);PANNTKI33T2;EXPLORE PANTS KIDS;Kids;Kaki;2;1,00
GRIETA;[PANNTKI31T2] EXPLORE PANTS KIDS (Gris Oscuro, 2);PANNTKI31T2;EXPLORE PANTS KIDS;Kids;Gris Oscuro;2;1,00
GRIETA;[PANNTKI31T10] EXPLORE PANTS KIDS (Gris Oscuro, 10);PANNTKI31T10;EXPLORE PANTS KIDS;Kids;Gris Oscuro;10;1,00
GRIETA;[PANNTDA12TXS] EXPLORE PANTS DAMA (Azul Marino, XS);PANNTDA12TXS;EXPLORE PANTS DAMA;Dama;Azul Marino;XS;1,00
GRIETA;[PANNTDA43TXS] EXPLORE PANTS DAMA (Negro, XS);PANNTDA43TXS;EXPLORE PANTS DAMA;Dama;Negro;XS;1,00
GRIETA;[PANNTDA66TXS] EXPLORE PANTS DAMA (Verde Militar, XS);PANNTDA66TXS;EXPLORE PANTS DAMA;Dama;Verde Militar;XS;1,00
GRIETA;[PANNTDA12TM] EXPLORE PANTS DAMA (Azul Marino, M);PANNTDA12TM;EXPLORE PANTS DAMA;Dama;Azul Marino;M;1,00
GRIETA;[PANNTKI30T8] EXPLORE PANTS KIDS (Gris Claro, 8);PANNTKI30T8;EXPLORE PANTS KIDS;Kids;Gris Claro;8;1,00
GRIETA;[PANNTDA31TM] EXPLORE PANTS DAMA (Gris Oscuro, M);PANNTDA31TM;EXPLORE PANTS DAMA;Dama;Gris Oscuro;M;1,00
GRIETA;[PANNTKI30T4] EXPLORE PANTS KIDS (Gris Claro, 4);PANNTKI30T4;EXPLORE PANTS KIDS;Kids;Gris Claro;4;1,00
GRIETA;[PANNTKI43T2] EXPLORE PANTS KIDS (Negro, 2);PANNTKI43T2;EXPLORE PANTS KIDS;Kids;Negro;2;1,00
GRIETA;[PANNTDA33TM] EXPLORE PANTS DAMA (Kaki, M);PANNTDA33TM;EXPLORE PANTS DAMA;Dama;Kaki;M;1,00
GRIETA;[PANNTDA31TS] EXPLORE PANTS DAMA (Gris Oscuro, S);PANNTDA31TS;EXPLORE PANTS DAMA;Dama;Gris Oscuro;S;2,00
GRIETA;[PANNTKI31T8] EXPLORE PANTS KIDS (Gris Oscuro, 8);PANNTKI31T8;EXPLORE PANTS KIDS;Kids;Gris Oscuro;8;1,00
GRIETA;[PANNTDA30TM] EXPLORE PANTS DAMA (Gris Claro, M);PANNTDA30TM;EXPLORE PANTS DAMA;Dama;Gris Claro;M;2,00
GRIETA;[PANNTDA30TXS] EXPLORE PANTS DAMA (Gris Claro, XS);PANNTDA30TXS;EXPLORE PANTS DAMA;Dama;Gris Claro;XS;2,00
GRIETA;[PANNTDA30TS] EXPLORE PANTS DAMA (Gris Claro, S);PANNTDA30TS;EXPLORE PANTS DAMA;Dama;Gris Claro;S;2,00
GRIETA;[PANNTCA31TM] EXPLORE PANTS CAB (Gris Oscuro, M);PANNTCA31TM;EXPLORE PANTS CAB;Caballero;Gris Oscuro;M;1,00
GRIETA;[PANNTDA30TXL] EXPLORE PANTS DAMA (Gris Claro, XL);PANNTDA30TXL;EXPLORE PANTS DAMA;Dama;Gris Claro;XL;1,00
GRIETA;[PANNTDA12TXL] EXPLORE PANTS DAMA (Azul Marino, XL);PANNTDA12TXL;EXPLORE PANTS DAMA;Dama;Azul Marino;XL;2,00
GRIETA;[PANNTCA66TM] EXPLORE PANTS CAB (Verde Militar, M);PANNTCA66TM;EXPLORE PANTS CAB;Caballero;Verde Militar;M;2,00
GRIETA;[PANNTKI33T4] EXPLORE PANTS KIDS (Kaki, 4);PANNTKI33T4;EXPLORE PANTS KIDS;Kids;Kaki;4;1,00
GRIETA;[PANNTDA33TXS] EXPLORE PANTS DAMA (Kaki, XS);PANNTDA33TXS;EXPLORE PANTS DAMA;Dama;Kaki;XS;1,00
GRIETA;[PANNTDA66TS] EXPLORE PANTS DAMA (Verde Militar, S);PANNTDA66TS;EXPLORE PANTS DAMA;Dama;Verde Militar;S;1,00
GRIETA;[PANNTDA66TM] EXPLORE PANTS DAMA (Verde Militar, M);PANNTDA66TM;EXPLORE PANTS DAMA;Dama;Verde Militar;M;1,00
GRIETA;[PANNTCA33T2XL] EXPLORE PANTS CAB (Kaki, 2XL);PANNTCA33T2XL;EXPLORE PANTS CAB;Caballero;Kaki;2XL;1,00
GRIETA;[PANNTCA33TXL] EXPLORE PANTS CAB (Kaki, XL);PANNTCA33TXL;EXPLORE PANTS CAB;Caballero;Kaki;XL;1,00
GRIETA;[PANNTCA66TXL] EXPLORE PANTS CAB (Verde Militar, XL);PANNTCA66TXL;EXPLORE PANTS CAB;Caballero;Verde Militar;XL;1,00
GRIETA;[EPNTKI33T12] EXPLORE PANTS KIDS (Kaki, 12);EPNTKI33T12;EXPLORE PANTS KIDS;Kids;Kaki;12;1,00
GRIETA;[PANNTKI31T6] EXPLORE PANTS KIDS (Gris Oscuro, 6);PANNTKI31T6;EXPLORE PANTS KIDS;Kids;Gris Oscuro;6;1,00
GRIETA;[PANNTKI12T12] EXPLORE PANTS KIDS (Azul Marino, 12);PANNTKI12T12;EXPLORE PANTS KIDS;Kids;Azul Marino;12;1,00
GRIETA;[PANNTKI31T4] EXPLORE PANTS KIDS (Gris Oscuro, 4);PANNTKI31T4;EXPLORE PANTS KIDS;Kids;Gris Oscuro;4;1,00
GRIETA;[PANNTKI33T8] EXPLORE PANTS KIDS (Kaki, 8);PANNTKI33T8;EXPLORE PANTS KIDS;Kids;Kaki;8;1,00
GRIETA;[PANNTKI66T12] EXPLORE PANTS KIDS (Verde Militar, 12);PANNTKI66T12;EXPLORE PANTS KIDS;Kids;Verde Militar;12;1,00
GRIETA;[PANNTKI66T6] EXPLORE PANTS KIDS (Verde Militar, 6);PANNTKI66T6;EXPLORE PANTS KIDS;Kids;Verde Militar;6;1,00
GRIETA;[PANNTCA12TM] EXPLORE PANTS CAB (Azul Marino, M);PANNTCA12TM;EXPLORE PANTS CAB;Caballero;Azul Marino;M;3,00
GRIETA;[PANNTCA43TL] EXPLORE PANTS CAB (Negro, L);PANNTCA43TL;EXPLORE PANTS CAB;Caballero;Negro;L;1,00
GRIETA;[PANNTDA33TS] EXPLORE PANTS DAMA (Kaki, S);PANNTDA33TS;EXPLORE PANTS DAMA;Dama;Kaki;S;1,00
GRIETA;[PANNTKI33T6] EXPLORE PANTS KIDS (Kaki, 6);PANNTKI33T6;EXPLORE PANTS KIDS;Kids;Kaki;6;1,00
GRIETA;[PANNTCA12TXL] EXPLORE PANTS CAB (Azul Marino, XL);PANNTCA12TXL;EXPLORE PANTS CAB;Caballero;Azul Marino;XL;1,00
GRIETA;[PANNTDA43TM] EXPLORE PANTS DAMA (Negro, M);PANNTDA43TM;EXPLORE PANTS DAMA;Dama;Negro;M;1,00
GRIETA;[PANNTCA12TL] EXPLORE PANTS CAB (Azul Marino, L);PANNTCA12TL;EXPLORE PANTS CAB;Caballero;Azul Marino;L;1,00
GRIETA;[PANNTKI43T8] EXPLORE PANTS KIDS (Negro, 8);PANNTKI43T8;EXPLORE PANTS KIDS;Kids;Negro;8;1,00
GRIETA;[PANNTKI43T10] EXPLORE PANTS KIDS (Negro, 10);PANNTKI43T10;EXPLORE PANTS KIDS;Kids;Negro;10;1,00
GRIETA;[PANNTDA31TXS] EXPLORE PANTS DAMA (Gris Oscuro, XS);PANNTDA31TXS;EXPLORE PANTS DAMA;Dama;Gris Oscuro;XS;1,00
GRIETA;[PANNTCA33TM] EXPLORE PANTS CAB (Kaki, M);PANNTCA33TM;EXPLORE PANTS CAB;Caballero;Kaki;M;2,00
GRIETA;[PANNTCA12TS] EXPLORE PANTS CAB (Azul Marino, S);PANNTCA12TS;EXPLORE PANTS CAB;Caballero;Azul Marino;S;2,00
GRIETA;[PANNTCA66TL] EXPLORE PANTS CAB (Verde Militar, L);PANNTCA66TL;EXPLORE PANTS CAB;Caballero;Verde Militar;L;2,00
GRIETA;[PANNTDA33TXL] EXPLORE PANTS DAMA (Kaki, XL);PANNTDA33TXL;EXPLORE PANTS DAMA;Dama;Kaki;XL;1,00
GRIETA;[PANNTCA31TS] EXPLORE PANTS CAB (Gris Oscuro, S);PANNTCA31TS;EXPLORE PANTS CAB;Caballero;Gris Oscuro;S;1,00
GRIETA;[PANNTCA43TS] EXPLORE PANTS CAB (Negro, S);PANNTCA43TS;EXPLORE PANTS CAB;Caballero;Negro;S;1,00
GRIETA;[PANNTDA43TS] EXPLORE PANTS DAMA (Negro, S);PANNTDA43TS;EXPLORE PANTS DAMA;Dama;Negro;S;2,00
GRIETA;[PANNTDA12TS] EXPLORE PANTS DAMA (Azul Marino, S);PANNTDA12TS;EXPLORE PANTS DAMA;Dama;Azul Marino;S;1,00
GRIETA;[PANNTDA66TXL] EXPLORE PANTS DAMA (Verde Militar, XL);PANNTDA66TXL;EXPLORE PANTS DAMA;Dama;Verde Militar;XL;2,00
SAMBIL;[PANNTKI43T8] EXPLORE PANTS KIDS (Negro, 8);PANNTKI43T8;EXPLORE PANTS KIDS;Kids;Negro;8;5,00
SAMBIL;[PANNTKI43T10] EXPLORE PANTS KIDS (Negro, 10);PANNTKI43T10;EXPLORE PANTS KIDS;Kids;Negro;10;3,00
SAMBIL;[PANNTKI43T4] EXPLORE PANTS KIDS (Negro, 4);PANNTKI43T4;EXPLORE PANTS KIDS;Kids;Negro;4;2,00
SAMBIL;[PANNTKI43T2] EXPLORE PANTS KIDS (Negro, 2);PANNTKI43T2;EXPLORE PANTS KIDS;Kids;Negro;2;3,00
SAMBIL;[PANNTKI12T10] EXPLORE PANTS KIDS (Azul Marino, 10);PANNTKI12T10;EXPLORE PANTS KIDS;Kids;Azul Marino;10;2,00
SAMBIL;[PANNTKI12T2] EXPLORE PANTS KIDS (Azul Marino, 2);PANNTKI12T2;EXPLORE PANTS KIDS;Kids;Azul Marino;2;8,00
SAMBIL;[PANNTKI12T8] EXPLORE PANTS KIDS (Azul Marino, 8);PANNTKI12T8;EXPLORE PANTS KIDS;Kids;Azul Marino;8;5,00
SAMBIL;[PANNTKI12T12] EXPLORE PANTS KIDS (Azul Marino, 12);PANNTKI12T12;EXPLORE PANTS KIDS;Kids;Azul Marino;12;6,00
SAMBIL;[PANNTKI12T4] EXPLORE PANTS KIDS (Azul Marino, 4);PANNTKI12T4;EXPLORE PANTS KIDS;Kids;Azul Marino;4;3,00
SAMBIL;[PANNTKI12T6] EXPLORE PANTS KIDS (Azul Marino, 6);PANNTKI12T6;EXPLORE PANTS KIDS;Kids;Azul Marino;6;3,00
SAMBIL;[PANNTKI33T4] EXPLORE PANTS KIDS (Kaki, 4);PANNTKI33T4;EXPLORE PANTS KIDS;Kids;Kaki;4;3,00
SAMBIL;[PANNTKI33T6] EXPLORE PANTS KIDS (Kaki, 6);PANNTKI33T6;EXPLORE PANTS KIDS;Kids;Kaki;6;4,00
SAMBIL;[PANNTKI30T2] EXPLORE PANTS KIDS (Gris Claro, 2);PANNTKI30T2;EXPLORE PANTS KIDS;Kids;Gris Claro;2;2,00
SAMBIL;[PANNTKI66T8] EXPLORE PANTS KIDS (Verde Militar, 8);PANNTKI66T8;EXPLORE PANTS KIDS;Kids;Verde Militar;8;5,00
SAMBIL;[PANNTKI66T2] EXPLORE PANTS KIDS (Verde Militar, 2);PANNTKI66T2;EXPLORE PANTS KIDS;Kids;Verde Militar;2;5,00
SAMBIL;[PANNTKI66T6] EXPLORE PANTS KIDS (Verde Militar, 6);PANNTKI66T6;EXPLORE PANTS KIDS;Kids;Verde Militar;6;3,00
SAMBIL;[PANNTKI66T12] EXPLORE PANTS KIDS (Verde Militar, 12);PANNTKI66T12;EXPLORE PANTS KIDS;Kids;Verde Militar;12;4,00
SAMBIL;[PANNTKI66T10] EXPLORE PANTS KIDS (Verde Militar, 10);PANNTKI66T10;EXPLORE PANTS KIDS;Kids;Verde Militar;10;4,00
SAMBIL;[PANNTDA43TXS] EXPLORE PANTS DAMA (Negro, XS);PANNTDA43TXS;EXPLORE PANTS DAMA;Dama;Negro;XS;3,00
SAMBIL;[PANNTDA12TS] EXPLORE PANTS DAMA (Azul Marino, S);PANNTDA12TS;EXPLORE PANTS DAMA;Dama;Azul Marino;S;3,00
SAMBIL;[PANNTDA31TS] EXPLORE PANTS DAMA (Gris Oscuro, S);PANNTDA31TS;EXPLORE PANTS DAMA;Dama;Gris Oscuro;S;3,00
SAMBIL;[PANNTDA66TS] EXPLORE PANTS DAMA (Verde Militar, S);PANNTDA66TS;EXPLORE PANTS DAMA;Dama;Verde Militar;S;4,00
SAMBIL;[PANNTDA30TS] EXPLORE PANTS DAMA (Gris Claro, S);PANNTDA30TS;EXPLORE PANTS DAMA;Dama;Gris Claro;S;6,00
SAMBIL;[PANNTDA33TS] EXPLORE PANTS DAMA (Kaki, S);PANNTDA33TS;EXPLORE PANTS DAMA;Dama;Kaki;S;2,00
SAMBIL;[PANNTDA30TM] EXPLORE PANTS DAMA (Gris Claro, M);PANNTDA30TM;EXPLORE PANTS DAMA;Dama;Gris Claro;M;7,00
SAMBIL;[PANNTDA12TM] EXPLORE PANTS DAMA (Azul Marino, M);PANNTDA12TM;EXPLORE PANTS DAMA;Dama;Azul Marino;M;5,00
SAMBIL;[PANNTDA66TM] EXPLORE PANTS DAMA (Verde Militar, M);PANNTDA66TM;EXPLORE PANTS DAMA;Dama;Verde Militar;M;6,00
SAMBIL;[PANNTDA12TXS] EXPLORE PANTS DAMA (Azul Marino, XS);PANNTDA12TXS;EXPLORE PANTS DAMA;Dama;Azul Marino;XS;6,00
SAMBIL;[PANNTDA31TXS] EXPLORE PANTS DAMA (Gris Oscuro, XS);PANNTDA31TXS;EXPLORE PANTS DAMA;Dama;Gris Oscuro;XS;8,00
SAMBIL;[PANNTDA66TXS] EXPLORE PANTS DAMA (Verde Militar, XS);PANNTDA66TXS;EXPLORE PANTS DAMA;Dama;Verde Militar;XS;5,00
SAMBIL;[PANNTDA33TXS] EXPLORE PANTS DAMA (Kaki, XS);PANNTDA33TXS;EXPLORE PANTS DAMA;Dama;Kaki;XS;2,00
SAMBIL;[PANNTDA30TXS] EXPLORE PANTS DAMA (Gris Claro, XS);PANNTDA30TXS;EXPLORE PANTS DAMA;Dama;Gris Claro;XS;3,00
SAMBIL;[PANNTCA43TS] EXPLORE PANTS CAB (Negro, S);PANNTCA43TS;EXPLORE PANTS CAB;Caballero;Negro;S;11,00
SAMBIL;[PANNTCA31TS] EXPLORE PANTS CAB (Gris Oscuro, S);PANNTCA31TS;EXPLORE PANTS CAB;Caballero;Gris Oscuro;S;4,00
SAMBIL;[PANNTCA33TS] EXPLORE PANTS CAB (Kaki, S);PANNTCA33TS;EXPLORE PANTS CAB;Caballero;Kaki;S;4,00
SAMBIL;[PANNTCA12TS] EXPLORE PANTS CAB (Azul Marino, S);PANNTCA12TS;EXPLORE PANTS CAB;Caballero;Azul Marino;S;4,00
SAMBIL;[PANNTCA30TS] EXPLORE PANTS CAB (Gris Claro, S);PANNTCA30TS;EXPLORE PANTS CAB;Caballero;Gris Claro;S;2,00
SAMBIL;[PANNTCA66TS] EXPLORE PANTS CAB (Verde Militar, S);PANNTCA66TS;EXPLORE PANTS CAB;Caballero;Verde Militar;S;8,00
SAMBIL;[PANNTCA12TL] EXPLORE PANTS CAB (Azul Marino, L);PANNTCA12TL;EXPLORE PANTS CAB;Caballero;Azul Marino;L;6,00
SAMBIL;[PANNTCA43TM] EXPLORE PANTS CAB (Negro, M);PANNTCA43TM;EXPLORE PANTS CAB;Caballero;Negro;M;2,00
SAMBIL;[PANNTCA12TM] EXPLORE PANTS CAB (Azul Marino, M);PANNTCA12TM;EXPLORE PANTS CAB;Caballero;Azul Marino;M;6,00
SAMBIL;[PANNTCA33TM] EXPLORE PANTS CAB (Kaki, M);PANNTCA33TM;EXPLORE PANTS CAB;Caballero;Kaki;M;3,00
SAMBIL;[PANNTCA66TM] EXPLORE PANTS CAB (Verde Militar, M);PANNTCA66TM;EXPLORE PANTS CAB;Caballero;Verde Militar;M;7,00
SAMBIL;[PANNTCA66TL] EXPLORE PANTS CAB (Verde Militar, L);PANNTCA66TL;EXPLORE PANTS CAB;Caballero;Verde Militar;L;6,00
SAMBIL;[PANNTDA66TL] EXPLORE PANTS DAMA (Verde Militar, L);PANNTDA66TL;EXPLORE PANTS DAMA;Dama;Verde Militar;L;3,00
SAMBIL;[PANNTKI33T8] EXPLORE PANTS KIDS (Kaki, 8);PANNTKI33T8;EXPLORE PANTS KIDS;Kids;Kaki;8;5,00
SAMBIL;[PANNTKI33T10] EXPLORE PANTS KIDS (Kaki, 10);PANNTKI33T10;EXPLORE PANTS KIDS;Kids;Kaki;10;4,00
SAMBIL;[PANNTKI33T2] EXPLORE PANTS KIDS (Kaki, 2);PANNTKI33T2;EXPLORE PANTS KIDS;Kids;Kaki;2;3,00
SAMBIL;[EPNTKI33T12] EXPLORE PANTS KIDS (Kaki, 12);EPNTKI33T12;EXPLORE PANTS KIDS;Kids;Kaki;12;2,00
SAMBIL;[PANNTDA66TXL] EXPLORE PANTS DAMA (Verde Militar, XL);PANNTDA66TXL;EXPLORE PANTS DAMA;Dama;Verde Militar;XL;1,00
SAMBIL;[PANNTCA33T2XL] EXPLORE PANTS CAB (Kaki, 2XL);PANNTCA33T2XL;EXPLORE PANTS CAB;Caballero;Kaki;2XL;1,00
SAMBIL;[PANNTCA33T3XL] EXPLORE PANTS CAB (Kaki, 3XL);PANNTCA33T3XL;EXPLORE PANTS CAB;Caballero;Kaki;3XL;2,00
SAMBIL;[PANNTCA43TL] EXPLORE PANTS CAB (Negro, L);PANNTCA43TL;EXPLORE PANTS CAB;Caballero;Negro;L;6,00
SAMBIL;[PANNTDA43TM] EXPLORE PANTS DAMA (Negro, M);PANNTDA43TM;EXPLORE PANTS DAMA;Dama;Negro;M;1,00
SAMBIL;[PANNTCA43TXL] EXPLORE PANTS CAB (Negro, XL);PANNTCA43TXL;EXPLORE PANTS CAB;Caballero;Negro;XL;2,00
SAMBIL;[PANNTCA33TL] EXPLORE PANTS CAB (Kaki, L);PANNTCA33TL;EXPLORE PANTS CAB;Caballero;Kaki;L;1,00
SAMBIL;[PANNTCA12T2XL] EXPLORE PANTS CAB (Azul Marino, 2XL);PANNTCA12T2XL;EXPLORE PANTS CAB;Caballero;Azul Marino;2XL;4,00
SAMBIL;[PANNTCA66T2XL] EXPLORE PANTS CAB (Verde Militar, 2XL);PANNTCA66T2XL;EXPLORE PANTS CAB;Caballero;Verde Militar;2XL;1,00
SAMBIL;[PANNTCA66T3XL] EXPLORE PANTS CAB (Verde Militar, 3XL);PANNTCA66T3XL;EXPLORE PANTS CAB;Caballero;Verde Militar;3XL;1,00
SAMBIL;[PANNTCA33TXL] EXPLORE PANTS CAB (Kaki, XL);PANNTCA33TXL;EXPLORE PANTS CAB;Caballero;Kaki;XL;1,00
SAMBIL;[PANNTDA33TM] EXPLORE PANTS DAMA (Kaki, M);PANNTDA33TM;EXPLORE PANTS DAMA;Dama;Kaki;M;1,00
SAMBIL;[PANNTDA33TL] EXPLORE PANTS DAMA (Kaki, L);PANNTDA33TL;EXPLORE PANTS DAMA;Dama;Kaki;L;2,00
SAMBIL;[PANNTDA33TXL] EXPLORE PANTS DAMA (Kaki, XL);PANNTDA33TXL;EXPLORE PANTS DAMA;Dama;Kaki;XL;2,00
SAMBIL;[PANNTDA12TXL] EXPLORE PANTS DAMA (Azul Marino, XL);PANNTDA12TXL;EXPLORE PANTS DAMA;Dama;Azul Marino;XL;2,00
SAMBIL;[PANNTDA12TL] EXPLORE PANTS DAMA (Azul Marino, L);PANNTDA12TL;EXPLORE PANTS DAMA;Dama;Azul Marino;L;2,00
SAMBIL;[PANNTCA12T3XL] EXPLORE PANTS CAB (Azul Marino, 3XL);PANNTCA12T3XL;EXPLORE PANTS CAB;Caballero;Azul Marino;3XL;2,00
SAMBIL;[PANNTDA43TL] EXPLORE PANTS DAMA (Negro, L);PANNTDA43TL;EXPLORE PANTS DAMA;Dama;Negro;L;3,00
SAMBIL;[PANNTDA43TXL] EXPLORE PANTS DAMA (Negro, XL);PANNTDA43TXL;EXPLORE PANTS DAMA;Dama;Negro;XL;2,00
SAMBIL;[PANNTCA12TS] EXPLORE PANTS CAB (Azul Marino, S);PANNTCA12TS;EXPLORE PANTS CAB;Caballero;Azul Marino;S;2,00
SAMBIL;[PANNTCA30TS] EXPLORE PANTS CAB (Gris Claro, S);PANNTCA30TS;EXPLORE PANTS CAB;Caballero;Gris Claro;S;1,00
SAMBIL;[PANNTCA31TS] EXPLORE PANTS CAB (Gris Oscuro, S);PANNTCA31TS;EXPLORE PANTS CAB;Caballero;Gris Oscuro;S;1,00
SAMBIL;[PANNTDA66TM] EXPLORE PANTS DAMA (Verde Militar, M);PANNTDA66TM;EXPLORE PANTS DAMA;Dama;Verde Militar;M;1,00
SAMBIL;[PANNTDA31TXS] EXPLORE PANTS DAMA (Gris Oscuro, XS);PANNTDA31TXS;EXPLORE PANTS DAMA;Dama;Gris Oscuro;XS;1,00
SAMBIL;[PANNTKI33T8] EXPLORE PANTS KIDS (Kaki, 8);PANNTKI33T8;EXPLORE PANTS KIDS;Kids;Kaki;8;1,00
SAMBIL;[PANNTKI33T6] EXPLORE PANTS KIDS (Kaki, 6);PANNTKI33T6;EXPLORE PANTS KIDS;Kids;Kaki;6;1,00
SAMBIL;[PANNTKI30T2] EXPLORE PANTS KIDS (Gris Claro, 2);PANNTKI30T2;EXPLORE PANTS KIDS;Kids;Gris Claro;2;1,00
SAMBIL;[PANNTKI30T12] EXPLORE PANTS KIDS (Gris Claro, 12);PANNTKI30T12;EXPLORE PANTS KIDS;Kids;Gris Claro;12;1,00
SAMBIL;[PANNTKI31T2] EXPLORE PANTS KIDS (Gris Oscuro, 2);PANNTKI31T2;EXPLORE PANTS KIDS;Kids;Gris Oscuro;2;1,00
SAMBIL;[PANNTKI31T4] EXPLORE PANTS KIDS (Gris Oscuro, 4);PANNTKI31T4;EXPLORE PANTS KIDS;Kids;Gris Oscuro;4;1,00
SAMBIL;[PANNTKI31T6] EXPLORE PANTS KIDS (Gris Oscuro, 6);PANNTKI31T6;EXPLORE PANTS KIDS;Kids;Gris Oscuro;6;1,00
SAMBIL;[PANNTKI31T8] EXPLORE PANTS KIDS (Gris Oscuro, 8);PANNTKI31T8;EXPLORE PANTS KIDS;Kids;Gris Oscuro;8;1,00
SAMBIL;[PANNTKI66T2] EXPLORE PANTS KIDS (Verde Militar, 2);PANNTKI66T2;EXPLORE PANTS KIDS;Kids;Verde Militar;2;1,00
SAMBIL;[PANNTKI66T6] EXPLORE PANTS KIDS (Verde Militar, 6);PANNTKI66T6;EXPLORE PANTS KIDS;Kids;Verde Militar;6;1,00
SAMBIL;[PANNTKI66T8] EXPLORE PANTS KIDS (Verde Militar, 8);PANNTKI66T8;EXPLORE PANTS KIDS;Kids;Verde Militar;8;1,00
SAMBIL;[PANNTKI66T10] EXPLORE PANTS KIDS (Verde Militar, 10);PANNTKI66T10;EXPLORE PANTS KIDS;Kids;Verde Militar;10;1,00
SAMBIL;[PANNTKI66T12] EXPLORE PANTS KIDS (Verde Militar, 12);PANNTKI66T12;EXPLORE PANTS KIDS;Kids;Verde Militar;12;1,00
SAMBIL;[PANNTKI12T2] EXPLORE PANTS KIDS (Azul Marino, 2);PANNTKI12T2;EXPLORE PANTS KIDS;Kids;Azul Marino;2;1,00
SAMBIL;[PANNTKI12T4] EXPLORE PANTS KIDS (Azul Marino, 4);PANNTKI12T4;EXPLORE PANTS KIDS;Kids;Azul Marino;4;1,00
SAMBIL;[PANNTKI12T6] EXPLORE PANTS KIDS (Azul Marino, 6);PANNTKI12T6;EXPLORE PANTS KIDS;Kids;Azul Marino;6;1,00
SAMBIL;[PANNTKI12T8] EXPLORE PANTS KIDS (Azul Marino, 8);PANNTKI12T8;EXPLORE PANTS KIDS;Kids;Azul Marino;8;1,00
SAMBIL;[PANNTKI43T2] EXPLORE PANTS KIDS (Negro, 2);PANNTKI43T2;EXPLORE PANTS KIDS;Kids;Negro;2;1,00
SAMBIL;[PANNTKI43T8] EXPLORE PANTS KIDS (Negro, 8);PANNTKI43T8;EXPLORE PANTS KIDS;Kids;Negro;8;1,00
SAMBIL;[PANNTCA66TS] EXPLORE PANTS CAB (Verde Militar, S);PANNTCA66TS;EXPLORE PANTS CAB;Caballero;Verde Militar;S;3,00
SAMBIL;[PANNTDA30TS] EXPLORE PANTS DAMA (Gris Claro, S);PANNTDA30TS;EXPLORE PANTS DAMA;Dama;Gris Claro;S;1,00
SAMBIL;[PANNTDA30TM] EXPLORE PANTS DAMA (Gris Claro, M);PANNTDA30TM;EXPLORE PANTS DAMA;Dama;Gris Claro;M;1,00
SAMBIL;[PANNTKI43T4] EXPLORE PANTS KIDS (Negro, 4);PANNTKI43T4;EXPLORE PANTS KIDS;Kids;Negro;4;1,00
SAMBIL;[PANNTKI33T4] EXPLORE PANTS KIDS (Kaki, 4);PANNTKI33T4;EXPLORE PANTS KIDS;Kids;Kaki;4;1,00
SAMBIL;[PANNTDA66TL] EXPLORE PANTS DAMA (Verde Militar, L);PANNTDA66TL;EXPLORE PANTS DAMA;Dama;Verde Militar;L;1,00
SAMBIL;[PANNTDA30TXL] EXPLORE PANTS DAMA (Gris Claro, XL);PANNTDA30TXL;EXPLORE PANTS DAMA;Dama;Gris Claro;XL;2,00
SAMBIL;[PANNTKI43T10] EXPLORE PANTS KIDS (Negro, 10);PANNTKI43T10;EXPLORE PANTS KIDS;Kids;Negro;10;1,00
SAMBIL;[PANNTDA30TXS] EXPLORE PANTS DAMA (Gris Claro, XS);PANNTDA30TXS;EXPLORE PANTS DAMA;Dama;Gris Claro;XS;1,00
SAMBIL;[PANNTCA43TS] EXPLORE PANTS CAB (Negro, S);PANNTCA43TS;EXPLORE PANTS CAB;Caballero;Negro;S;1,00
SAMBIL;[PANNTCA12T2XL] EXPLORE PANTS CAB (Azul Marino, 2XL);PANNTCA12T2XL;EXPLORE PANTS CAB;Caballero;Azul Marino;2XL;1,00
SAMBIL;[PANNTDA31TS] EXPLORE PANTS DAMA (Gris Oscuro, S);PANNTDA31TS;EXPLORE PANTS DAMA;Dama;Gris Oscuro;S;1,00
SAMBIL;[PANNTDA12TM] EXPLORE PANTS DAMA (Azul Marino, M);PANNTDA12TM;EXPLORE PANTS DAMA;Dama;Azul Marino;M;1,00
SAMBIL;[PANNTDA43TXS] EXPLORE PANTS DAMA (Negro, XS);PANNTDA43TXS;EXPLORE PANTS DAMA;Dama;Negro;XS;1,00
SAMBIL;[PANNTCA33TS] EXPLORE PANTS CAB (Kaki, S);PANNTCA33TS;EXPLORE PANTS CAB;Caballero;Kaki;S;1,00
SAMBIL;[PANNTDA33TXL] EXPLORE PANTS DAMA (Kaki, XL);PANNTDA33TXL;EXPLORE PANTS DAMA;Dama;Kaki;XL;1,00
SAMBIL;[PANNTCA33TXL] EXPLORE PANTS CAB (Kaki, XL);PANNTCA33TXL;EXPLORE PANTS CAB;Caballero;Kaki;XL;1,00
SAMBIL;[PANNTDA66TXL] EXPLORE PANTS DAMA (Verde Militar, XL);PANNTDA66TXL;EXPLORE PANTS DAMA;Dama;Verde Militar;XL;1,00
SAMBIL;[PANNTCA12T3XL] EXPLORE PANTS CAB (Azul Marino, 3XL);PANNTCA12T3XL;EXPLORE PANTS CAB;Caballero;Azul Marino;3XL;1,00
SAMBIL;[PANNTCA43TXL] EXPLORE PANTS CAB (Negro, XL);PANNTCA43TXL;EXPLORE PANTS CAB;Caballero;Negro;XL;1,00
SAMBIL;[PANNTCA43T2XL] EXPLORE PANTS CAB (Negro, 2XL);PANNTCA43T2XL;EXPLORE PANTS CAB;Caballero;Negro;2XL;1,00
SAMBIL;[PANNTCA66T2XL] EXPLORE PANTS CAB (Verde Militar, 2XL);PANNTCA66T2XL;EXPLORE PANTS CAB;Caballero;Verde Militar;2XL;1,00
SAMBIL;[PANNTCA33TM] EXPLORE PANTS CAB (Kaki, M);PANNTCA33TM;EXPLORE PANTS CAB;Caballero;Kaki;M;1,00
SAMBIL;[PANNTCA12TM] EXPLORE PANTS CAB (Azul Marino, M);PANNTCA12TM;EXPLORE PANTS CAB;Caballero;Azul Marino;M;1,00
SAMBIL;[PANNTDA43TS] EXPLORE PANTS DAMA (Negro, S);PANNTDA43TS;EXPLORE PANTS DAMA;Dama;Negro;S;2,00
SAMBIL;[PANNTCA12TL] EXPLORE PANTS CAB (Azul Marino, L);PANNTCA12TL;EXPLORE PANTS CAB;Caballero;Azul Marino;L;1,00
SAMBIL;[PANNTCA43TM] EXPLORE PANTS CAB (Negro, M);PANNTCA43TM;EXPLORE PANTS CAB;Caballero;Negro;M;1,00
SAMBIL;[PANNTCA43TL] EXPLORE PANTS CAB (Negro, L);PANNTCA43TL;EXPLORE PANTS CAB;Caballero;Negro;L;1,00
SAMBIL;[PANNTDA33TS] EXPLORE PANTS DAMA (Kaki, S);PANNTDA33TS;EXPLORE PANTS DAMA;Dama;Kaki;S;2,00
SAMBIL;[PANNTCA31TM] EXPLORE PANTS CAB (Gris Oscuro, M);PANNTCA31TM;EXPLORE PANTS CAB;Caballero;Gris Oscuro;M;1,00
SAMBIL;[PANNTDA66TS] EXPLORE PANTS DAMA (Verde Militar, S);PANNTDA66TS;EXPLORE PANTS DAMA;Dama;Verde Militar;S;1,00
SAMBIL;[PANNTCA30TL] EXPLORE PANTS CAB (Gris Claro, L);PANNTCA30TL;EXPLORE PANTS CAB;Caballero;Gris Claro;L;1,00
SAMBIL;[PANNTKI12T12] EXPLORE PANTS KIDS (Azul Marino, 12);PANNTKI12T12;EXPLORE PANTS KIDS;Kids;Azul Marino;12;1,00
SAMBIL;[PANNTKI30T4] EXPLORE PANTS KIDS (Gris Claro, 4);PANNTKI30T4;EXPLORE PANTS KIDS;Kids;Gris Claro;4;1,00
SAMBIL;[PANNTKI43T12] EXPLORE PANTS KIDS (Negro, 12);PANNTKI43T12;EXPLORE PANTS KIDS;Kids;Negro;12;1,00
SAMBIL;[PANNTKI33T10] EXPLORE PANTS KIDS (Kaki, 10);PANNTKI33T10;EXPLORE PANTS KIDS;Kids;Kaki;10;1,00
SAMBIL;[EPNTKI33T12] EXPLORE PANTS KIDS (Kaki, 12);EPNTKI33T12;EXPLORE PANTS KIDS;Kids;Kaki;12;1,00
SAMBIL;[PANNTCA66TM] EXPLORE PANTS CAB (Verde Militar, M);PANNTCA66TM;EXPLORE PANTS CAB;Caballero;Verde Militar;M;1,00
TALLER TERMINADO;[PANNTKI33T10] EXPLORE PANTS KIDS (Kaki, 10);PANNTKI33T10;EXPLORE PANTS KIDS;Kids;Kaki;10;11,00
TALLER TERMINADO;[PANNTKI33T8] EXPLORE PANTS KIDS (Kaki, 8);PANNTKI33T8;EXPLORE PANTS KIDS;Kids;Kaki;8;14,00
TALLER TERMINADO;[EPNTKI33T12] EXPLORE PANTS KIDS (Kaki, 12);EPNTKI33T12;EXPLORE PANTS KIDS;Kids;Kaki;12;8,00
TALLER TERMINADO;[PANNTDA43TS] EXPLORE PANTS DAMA (Negro, S);PANNTDA43TS;EXPLORE PANTS DAMA;Dama;Negro;S;42,00
TALLER TERMINADO;[PANNTKI12T12] EXPLORE PANTS KIDS (Azul Marino, 12);PANNTKI12T12;EXPLORE PANTS KIDS;Kids;Azul Marino;12;9,00
TALLER TERMINADO;[PANNTKI12T10] EXPLORE PANTS KIDS (Azul Marino, 10);PANNTKI12T10;EXPLORE PANTS KIDS;Kids;Azul Marino;10;28,00
TALLER TERMINADO;[PANNTKI12T8] EXPLORE PANTS KIDS (Azul Marino, 8);PANNTKI12T8;EXPLORE PANTS KIDS;Kids;Azul Marino;8;27,00
TALLER TERMINADO;[PANNTKI12T2] EXPLORE PANTS KIDS (Azul Marino, 2);PANNTKI12T2;EXPLORE PANTS KIDS;Kids;Azul Marino;2;13,00
TALLER TERMINADO;[PANNTDA43TXS] EXPLORE PANTS DAMA (Negro, XS);PANNTDA43TXS;EXPLORE PANTS DAMA;Dama;Negro;XS;28,00
TALLER TERMINADO;[PANNTDA43TM] EXPLORE PANTS DAMA (Negro, M);PANNTDA43TM;EXPLORE PANTS DAMA;Dama;Negro;M;32,00
TALLER TERMINADO;[PANNTDA30TS] EXPLORE PANTS DAMA (Gris Claro, S);PANNTDA30TS;EXPLORE PANTS DAMA;Dama;Gris Claro;S;1,00
TALLER TERMINADO;[PANNTDA33TXS] EXPLORE PANTS DAMA (Kaki, XS);PANNTDA33TXS;EXPLORE PANTS DAMA;Dama;Kaki;XS;12,00
TALLER TERMINADO;[PANNTDA33TS] EXPLORE PANTS DAMA (Kaki, S);PANNTDA33TS;EXPLORE PANTS DAMA;Dama;Kaki;S;25,00
TALLER TERMINADO;[PANNTDA33TM] EXPLORE PANTS DAMA (Kaki, M);PANNTDA33TM;EXPLORE PANTS DAMA;Dama;Kaki;M;52,00
TALLER TERMINADO;[PANNTDA33TL] EXPLORE PANTS DAMA (Kaki, L);PANNTDA33TL;EXPLORE PANTS DAMA;Dama;Kaki;L;46,00
TALLER TERMINADO;[PANNTDA33TXL] EXPLORE PANTS DAMA (Kaki, XL);PANNTDA33TXL;EXPLORE PANTS DAMA;Dama;Kaki;XL;26,00
TALLER TERMINADO;[PANNTDA12TXS] EXPLORE PANTS DAMA (Azul Marino, XS);PANNTDA12TXS;EXPLORE PANTS DAMA;Dama;Azul Marino;XS;53,00
TALLER TERMINADO;[PANNTDA12TS] EXPLORE PANTS DAMA (Azul Marino, S);PANNTDA12TS;EXPLORE PANTS DAMA;Dama;Azul Marino;S;85,00
TALLER TERMINADO;[PANNTDA12TM] EXPLORE PANTS DAMA (Azul Marino, M);PANNTDA12TM;EXPLORE PANTS DAMA;Dama;Azul Marino;M;28,00
TALLER TERMINADO;[PANNTDA66TXS] EXPLORE PANTS DAMA (Verde Militar, XS);PANNTDA66TXS;EXPLORE PANTS DAMA;Dama;Verde Militar;XS;12,00
TALLER TERMINADO;[PANNTDA66TS] EXPLORE PANTS DAMA (Verde Militar, S);PANNTDA66TS;EXPLORE PANTS DAMA;Dama;Verde Militar;S;27,00
TALLER TERMINADO;[PANNTDA66TM] EXPLORE PANTS DAMA (Verde Militar, M);PANNTDA66TM;EXPLORE PANTS DAMA;Dama;Verde Militar;M;44,00
TALLER TERMINADO;[PANNTDA66TL] EXPLORE PANTS DAMA (Verde Militar, L);PANNTDA66TL;EXPLORE PANTS DAMA;Dama;Verde Militar;L;33,00
TALLER TERMINADO;[PANNTDA30TXS] EXPLORE PANTS DAMA (Gris Claro, XS);PANNTDA30TXS;EXPLORE PANTS DAMA;Dama;Gris Claro;XS;1,00
TALLER TERMINADO;[PANNTCA43TM] EXPLORE PANTS CAB (Negro, M);PANNTCA43TM;EXPLORE PANTS CAB;Caballero;Negro;M;91,00
TALLER TERMINADO;[PANNTCA12TM] EXPLORE PANTS CAB (Azul Marino, M);PANNTCA12TM;EXPLORE PANTS CAB;Caballero;Azul Marino;M;24,00
TALLER TERMINADO;[PANNTCA43TL] EXPLORE PANTS CAB (Negro, L);PANNTCA43TL;EXPLORE PANTS CAB;Caballero;Negro;L;46,00
TALLER TERMINADO;[PANNTCA43TS] EXPLORE PANTS CAB (Negro, S);PANNTCA43TS;EXPLORE PANTS CAB;Caballero;Negro;S;47,00
TALLER TERMINADO;[PANNTCA43T3XL] EXPLORE PANTS CAB (Negro, 3XL);PANNTCA43T3XL;EXPLORE PANTS CAB;Caballero;Negro;3XL;29,00
TALLER TERMINADO;[PANNTCA43T2XL] EXPLORE PANTS CAB (Negro, 2XL);PANNTCA43T2XL;EXPLORE PANTS CAB;Caballero;Negro;2XL;30,00
TALLER TERMINADO;[PANNTCA43TXL] EXPLORE PANTS CAB (Negro, XL);PANNTCA43TXL;EXPLORE PANTS CAB;Caballero;Negro;XL;7,00
TALLER TERMINADO;[PANNTCA30TS] EXPLORE PANTS CAB (Gris Claro, S);PANNTCA30TS;EXPLORE PANTS CAB;Caballero;Gris Claro;S;0,00
TALLER TERMINADO;[PANNTCA66T3XL] EXPLORE PANTS CAB (Verde Militar, 3XL);PANNTCA66T3XL;EXPLORE PANTS CAB;Caballero;Verde Militar;3XL;3,00
TALLER TERMINADO;[PANNTCA66TL] EXPLORE PANTS CAB (Verde Militar, L);PANNTCA66TL;EXPLORE PANTS CAB;Caballero;Verde Militar;L;35,00
TALLER TERMINADO;[PANNTCA66T2XL] EXPLORE PANTS CAB (Verde Militar, 2XL);PANNTCA66T2XL;EXPLORE PANTS CAB;Caballero;Verde Militar;2XL;22,00
TALLER TERMINADO;[PANNTCA66TM] EXPLORE PANTS CAB (Verde Militar, M);PANNTCA66TM;EXPLORE PANTS CAB;Caballero;Verde Militar;M;38,00
TALLER TERMINADO;[PANNTCA33T2XL] EXPLORE PANTS CAB (Kaki, 2XL);PANNTCA33T2XL;EXPLORE PANTS CAB;Caballero;Kaki;2XL;24,00
TALLER TERMINADO;[PANNTCA33T3XL] EXPLORE PANTS CAB (Kaki, 3XL);PANNTCA33T3XL;EXPLORE PANTS CAB;Caballero;Kaki;3XL;13,00
TALLER TERMINADO;[PANNTCA33TM] EXPLORE PANTS CAB (Kaki, M);PANNTCA33TM;EXPLORE PANTS CAB;Caballero;Kaki;M;58,00
TALLER TERMINADO;[PANNTCA33TL] EXPLORE PANTS CAB (Kaki, L);PANNTCA33TL;EXPLORE PANTS CAB;Caballero;Kaki;L;36,00
TALLER TERMINADO;[PANNTCA12TL] EXPLORE PANTS CAB (Azul Marino, L);PANNTCA12TL;EXPLORE PANTS CAB;Caballero;Azul Marino;L;6,00
TALLER TERMINADO;[PANNTCA12T3XL] EXPLORE PANTS CAB (Azul Marino, 3XL);PANNTCA12T3XL;EXPLORE PANTS CAB;Caballero;Azul Marino;3XL;5,00
TALLER TERMINADO;[PANNTCA12T2XL] EXPLORE PANTS CAB (Azul Marino, 2XL);PANNTCA12T2XL;EXPLORE PANTS CAB;Caballero;Azul Marino;2XL;7,00
TALLER TERMINADO;[PANNTCA33TXL] EXPLORE PANTS CAB (Kaki, XL);PANNTCA33TXL;EXPLORE PANTS CAB;Caballero;Kaki;XL;15,00
TALLER TERMINADO;[PANNTCA33TS] EXPLORE PANTS CAB (Kaki, S);PANNTCA33TS;EXPLORE PANTS CAB;Caballero;Kaki;S;31,00
TALLER TERMINADO;[PANNTKI30T10] EXPLORE PANTS KIDS (Gris Claro, 10);PANNTKI30T10;EXPLORE PANTS KIDS;Kids;Gris Claro;10;1,00
TALLER TERMINADO;[PANNTDA43TL] EXPLORE PANTS DAMA (Negro, L);PANNTDA43TL;EXPLORE PANTS DAMA;Dama;Negro;L;22,00
TALLER TERMINADO;[PANNTDA43TXL] EXPLORE PANTS DAMA (Negro, XL);PANNTDA43TXL;EXPLORE PANTS DAMA;Dama;Negro;XL;8,00
TALLER TERMINADO;[PANNTDA43T2XL] EXPLORE PANTS DAMA (Negro, 2XL);PANNTDA43T2XL;EXPLORE PANTS DAMA;Dama;Negro;2XL;8,00
TALLER TERMINADO;[PANNTDA66TXL] EXPLORE PANTS DAMA (Verde Militar, XL);PANNTDA66TXL;EXPLORE PANTS DAMA;Dama;Verde Militar;XL;15,00
TALLER TERMINADO;[PANNTDA12TL] EXPLORE PANTS DAMA (Azul Marino, L);PANNTDA12TL;EXPLORE PANTS DAMA;Dama;Azul Marino;L;24,00
TALLER TERMINADO;[PANNTDA12TXL] EXPLORE PANTS DAMA (Azul Marino, XL);PANNTDA12TXL;EXPLORE PANTS DAMA;Dama;Azul Marino;XL;8,00
TALLER TERMINADO;[PANNTDA12T2XL] EXPLORE PANTS DAMA (Azul Marino, 2XL);PANNTDA12T2XL;EXPLORE PANTS DAMA;Dama;Azul Marino;2XL;7,00
TALLER TERMINADO;[PANNTDA66T2XL] EXPLORE PANTS DAMA (Verde Militar, 2XL);PANNTDA66T2XL;EXPLORE PANTS DAMA;Dama;Verde Militar;2XL;10,00
TALLER TERMINADO;[PANNTDA33T2XL] EXPLORE PANTS DAMA (Kaki, 2XL);PANNTDA33T2XL;EXPLORE PANTS DAMA;Dama;Kaki;2XL;14,00
TALLER TERMINADO;[PANNTCA12TS] EXPLORE PANTS CAB (Azul Marino, S);PANNTCA12TS;EXPLORE PANTS CAB;Caballero;Azul Marino;S;13,00
TALLER TERMINADO;[PANNTDA31TM] EXPLORE PANTS DAMA (Gris Oscuro, M);PANNTDA31TM;EXPLORE PANTS DAMA;Dama;Gris Oscuro;M;1,00
TALLER TERMINADO;[PANNTKI33T2] EXPLORE PANTS KIDS (Kaki, 2);PANNTKI33T2;EXPLORE PANTS KIDS;Kids;Kaki;2;1,00
TALLER TERMINADO;[PANNTKI33T6] EXPLORE PANTS KIDS (Kaki, 6);PANNTKI33T6;EXPLORE PANTS KIDS;Kids;Kaki;6;1,00
TALLER TERMINADO;[PANNTKI12T4] EXPLORE PANTS KIDS (Azul Marino, 4);PANNTKI12T4;EXPLORE PANTS KIDS;Kids;Azul Marino;4;9,00
TALLER TERMINADO;[PANNTKI12T6] EXPLORE PANTS KIDS (Azul Marino, 6);PANNTKI12T6;EXPLORE PANTS KIDS;Kids;Azul Marino;6;11,00
TALLER TERMINADO;[PANNTKI43T2] EXPLORE PANTS KIDS (Negro, 2);PANNTKI43T2;EXPLORE PANTS KIDS;Kids;Negro;2;6,00
TALLER TERMINADO;[PANNTKI43T4] EXPLORE PANTS KIDS (Negro, 4);PANNTKI43T4;EXPLORE PANTS KIDS;Kids;Negro;4;6,00
TALLER TERMINADO;[PANNTKI43T6] EXPLORE PANTS KIDS (Negro, 6);PANNTKI43T6;EXPLORE PANTS KIDS;Kids;Negro;6;6,00
TALLER TERMINADO;[PANNTKI43T10] EXPLORE PANTS KIDS (Negro, 10);PANNTKI43T10;EXPLORE PANTS KIDS;Kids;Negro;10;6,00
TALLER TERMINADO;[PANNTKI43T8] EXPLORE PANTS KIDS (Negro, 8);PANNTKI43T8;EXPLORE PANTS KIDS;Kids;Negro;8;8,00
TALLER TERMINADO;[PANNTKI43T12] EXPLORE PANTS KIDS (Negro, 12);PANNTKI43T12;EXPLORE PANTS KIDS;Kids;Negro;12;10,00
TALLER TERMINADO;[PANNTKI66T2] EXPLORE PANTS KIDS (Verde Militar, 2);PANNTKI66T2;EXPLORE PANTS KIDS;Kids;Verde Militar;2;9,00
TALLER TERMINADO;[PANNTKI66T4] EXPLORE PANTS KIDS (Verde Militar, 4);PANNTKI66T4;EXPLORE PANTS KIDS;Kids;Verde Militar;4;11,00
TALLER TERMINADO;[PANNTKI66T6] EXPLORE PANTS KIDS (Verde Militar, 6);PANNTKI66T6;EXPLORE PANTS KIDS;Kids;Verde Militar;6;8,00
TALLER TERMINADO;[PANNTKI66T8] EXPLORE PANTS KIDS (Verde Militar, 8);PANNTKI66T8;EXPLORE PANTS KIDS;Kids;Verde Militar;8;23,00
TALLER TERMINADO;[PANNTKI66T10] EXPLORE PANTS KIDS (Verde Militar, 10);PANNTKI66T10;EXPLORE PANTS KIDS;Kids;Verde Militar;10;21,00
TALLER TERMINADO;[PANNTKI66T12] EXPLORE PANTS KIDS (Verde Militar, 12);PANNTKI66T12;EXPLORE PANTS KIDS;Kids;Verde Militar;12;24,00
TALLER TERMINADO;[PANNTKI33T4] EXPLORE PANTS KIDS (Kaki, 4);PANNTKI33T4;EXPLORE PANTS KIDS;Kids;Kaki;4;2,00
TALLER TERMINADO;[PANNTCA66TS] EXPLORE PANTS CAB (Verde Militar, S);PANNTCA66TS;EXPLORE PANTS CAB;Caballero;Verde Militar;S;21,00
TALLER TERMINADO;[PANNTCA31TXL] EXPLORE PANTS CAB (Gris Oscuro, XL);PANNTCA31TXL;EXPLORE PANTS CAB;Caballero;Gris Oscuro;XL;0,00
TALLER TERMINADO;[PANNTCA31TM] EXPLORE PANTS CAB (Gris Oscuro, M);PANNTCA31TM;EXPLORE PANTS CAB;Caballero;Gris Oscuro;M;6,00
TALLER TERMINADO;[PANNTCA31TS] EXPLORE PANTS CAB (Gris Oscuro, S);PANNTCA31TS;EXPLORE PANTS CAB;Caballero;Gris Oscuro;S;6,00
TALLER TERMINADO;[PANNTDA30TM] EXPLORE PANTS DAMA (Gris Claro, M);PANNTDA30TM;EXPLORE PANTS DAMA;Dama;Gris Claro;M;-1,00
TALLER TERMINADO;[PANNTCA30TL] EXPLORE PANTS CAB (Gris Claro, L);PANNTCA30TL;EXPLORE PANTS CAB;Caballero;Gris Claro;L;-1,00
TALLER TERMINADO;[PANNTCA66TXL] EXPLORE PANTS CAB (Verde Militar, XL);PANNTCA66TXL;EXPLORE PANTS CAB;Caballero;Verde Militar;XL;15,00
TOLON;[PANNTDA43TM] EXPLORE PANTS DAMA (Negro, M);PANNTDA43TM;EXPLORE PANTS DAMA;Dama;Negro;M;5,00
TOLON;[EPNTKI33T12] EXPLORE PANTS KIDS (Kaki, 12);EPNTKI33T12;EXPLORE PANTS KIDS;Kids;Kaki;12;3,00
TOLON;[PANNTKI43T12] EXPLORE PANTS KIDS (Negro, 12);PANNTKI43T12;EXPLORE PANTS KIDS;Kids;Negro;12;4,00
TOLON;[PANNTKI12T12] EXPLORE PANTS KIDS (Azul Marino, 12);PANNTKI12T12;EXPLORE PANTS KIDS;Kids;Azul Marino;12;3,00
TOLON;[PANNTKI66T12] EXPLORE PANTS KIDS (Verde Militar, 12);PANNTKI66T12;EXPLORE PANTS KIDS;Kids;Verde Militar;12;4,00
TOLON;[PANNTKI43T10] EXPLORE PANTS KIDS (Negro, 10);PANNTKI43T10;EXPLORE PANTS KIDS;Kids;Negro;10;4,00
TOLON;[PANNTKI66T10] EXPLORE PANTS KIDS (Verde Militar, 10);PANNTKI66T10;EXPLORE PANTS KIDS;Kids;Verde Militar;10;4,00
TOLON;[PANNTKI12T10] EXPLORE PANTS KIDS (Azul Marino, 10);PANNTKI12T10;EXPLORE PANTS KIDS;Kids;Azul Marino;10;3,00
TOLON;[PANNTDA66TL] EXPLORE PANTS DAMA (Verde Militar, L);PANNTDA66TL;EXPLORE PANTS DAMA;Dama;Verde Militar;L;4,00
TOLON;[PANNTDA66TXL] EXPLORE PANTS DAMA (Verde Militar, XL);PANNTDA66TXL;EXPLORE PANTS DAMA;Dama;Verde Militar;XL;2,00
TOLON;[PANNTDA66TM] EXPLORE PANTS DAMA (Verde Militar, M);PANNTDA66TM;EXPLORE PANTS DAMA;Dama;Verde Militar;M;5,00
TOLON;[PANNTCA66TM] EXPLORE PANTS CAB (Verde Militar, M);PANNTCA66TM;EXPLORE PANTS CAB;Caballero;Verde Militar;M;3,00
TOLON;[PANNTCA66TL] EXPLORE PANTS CAB (Verde Militar, L);PANNTCA66TL;EXPLORE PANTS CAB;Caballero;Verde Militar;L;5,00
TOLON;[PANNTDA43TS] EXPLORE PANTS DAMA (Negro, S);PANNTDA43TS;EXPLORE PANTS DAMA;Dama;Negro;S;8,00
TOLON;[PANNTDA30TXS] EXPLORE PANTS DAMA (Gris Claro, XS);PANNTDA30TXS;EXPLORE PANTS DAMA;Dama;Gris Claro;XS;8,00
TOLON;[PANNTDA12TXS] EXPLORE PANTS DAMA (Azul Marino, XS);PANNTDA12TXS;EXPLORE PANTS DAMA;Dama;Azul Marino;XS;7,00
TOLON;[PANNTDA43TXS] EXPLORE PANTS DAMA (Negro, XS);PANNTDA43TXS;EXPLORE PANTS DAMA;Dama;Negro;XS;5,00
TOLON;[PANNTDA66TXS] EXPLORE PANTS DAMA (Verde Militar, XS);PANNTDA66TXS;EXPLORE PANTS DAMA;Dama;Verde Militar;XS;10,00
TOLON;[PANNTDA12TS] EXPLORE PANTS DAMA (Azul Marino, S);PANNTDA12TS;EXPLORE PANTS DAMA;Dama;Azul Marino;S;6,00
TOLON;[PANNTDA30TS] EXPLORE PANTS DAMA (Gris Claro, S);PANNTDA30TS;EXPLORE PANTS DAMA;Dama;Gris Claro;S;10,00
TOLON;[PANNTDA31TS] EXPLORE PANTS DAMA (Gris Oscuro, S);PANNTDA31TS;EXPLORE PANTS DAMA;Dama;Gris Oscuro;S;5,00
TOLON;[PANNTDA66TS] EXPLORE PANTS DAMA (Verde Militar, S);PANNTDA66TS;EXPLORE PANTS DAMA;Dama;Verde Militar;S;10,00
TOLON;[PANNTDA33TS] EXPLORE PANTS DAMA (Kaki, S);PANNTDA33TS;EXPLORE PANTS DAMA;Dama;Kaki;S;8,00
TOLON;[PANNTDA33TM] EXPLORE PANTS DAMA (Kaki, M);PANNTDA33TM;EXPLORE PANTS DAMA;Dama;Kaki;M;4,00
TOLON;[PANNTKI66T2] EXPLORE PANTS KIDS (Verde Militar, 2);PANNTKI66T2;EXPLORE PANTS KIDS;Kids;Verde Militar;2;4,00
TOLON;[PANNTKI43T2] EXPLORE PANTS KIDS (Negro, 2);PANNTKI43T2;EXPLORE PANTS KIDS;Kids;Negro;2;2,00
TOLON;[PANNTKI12T2] EXPLORE PANTS KIDS (Azul Marino, 2);PANNTKI12T2;EXPLORE PANTS KIDS;Kids;Azul Marino;2;4,00
TOLON;[PANNTKI33T2] EXPLORE PANTS KIDS (Kaki, 2);PANNTKI33T2;EXPLORE PANTS KIDS;Kids;Kaki;2;1,00
TOLON;[PANNTKI33T4] EXPLORE PANTS KIDS (Kaki, 4);PANNTKI33T4;EXPLORE PANTS KIDS;Kids;Kaki;4;3,00
TOLON;[PANNTKI12T4] EXPLORE PANTS KIDS (Azul Marino, 4);PANNTKI12T4;EXPLORE PANTS KIDS;Kids;Azul Marino;4;3,00
TOLON;[PANNTKI43T4] EXPLORE PANTS KIDS (Negro, 4);PANNTKI43T4;EXPLORE PANTS KIDS;Kids;Negro;4;2,00
TOLON;[PANNTKI66T4] EXPLORE PANTS KIDS (Verde Militar, 4);PANNTKI66T4;EXPLORE PANTS KIDS;Kids;Verde Militar;4;2,00
TOLON;[PANNTKI43T6] EXPLORE PANTS KIDS (Negro, 6);PANNTKI43T6;EXPLORE PANTS KIDS;Kids;Negro;6;2,00
TOLON;[PANNTKI12T6] EXPLORE PANTS KIDS (Azul Marino, 6);PANNTKI12T6;EXPLORE PANTS KIDS;Kids;Azul Marino;6;3,00
TOLON;[PANNTKI66T6] EXPLORE PANTS KIDS (Verde Militar, 6);PANNTKI66T6;EXPLORE PANTS KIDS;Kids;Verde Militar;6;2,00
TOLON;[PANNTKI33T6] EXPLORE PANTS KIDS (Kaki, 6);PANNTKI33T6;EXPLORE PANTS KIDS;Kids;Kaki;6;3,00
TOLON;[PANNTKI43T8] EXPLORE PANTS KIDS (Negro, 8);PANNTKI43T8;EXPLORE PANTS KIDS;Kids;Negro;8;4,00
TOLON;[PANNTKI12T8] EXPLORE PANTS KIDS (Azul Marino, 8);PANNTKI12T8;EXPLORE PANTS KIDS;Kids;Azul Marino;8;4,00
TOLON;[PANNTKI33T8] EXPLORE PANTS KIDS (Kaki, 8);PANNTKI33T8;EXPLORE PANTS KIDS;Kids;Kaki;8;3,00
TOLON;[PANNTKI66T8] EXPLORE PANTS KIDS (Verde Militar, 8);PANNTKI66T8;EXPLORE PANTS KIDS;Kids;Verde Militar;8;3,00
TOLON;[PANNTCA33TM] EXPLORE PANTS CAB (Kaki, M);PANNTCA33TM;EXPLORE PANTS CAB;Caballero;Kaki;M;10,00
TOLON;[PANNTCA12TM] EXPLORE PANTS CAB (Azul Marino, M);PANNTCA12TM;EXPLORE PANTS CAB;Caballero;Azul Marino;M;5,00
TOLON;[PANNTCA33TL] EXPLORE PANTS CAB (Kaki, L);PANNTCA33TL;EXPLORE PANTS CAB;Caballero;Kaki;L;9,00
TOLON;[PANNTCA12TL] EXPLORE PANTS CAB (Azul Marino, L);PANNTCA12TL;EXPLORE PANTS CAB;Caballero;Azul Marino;L;7,00
TOLON;[PANNTCA43TL] EXPLORE PANTS CAB (Negro, L);PANNTCA43TL;EXPLORE PANTS CAB;Caballero;Negro;L;6,00
TOLON;[PANNTDA12TL] EXPLORE PANTS DAMA (Azul Marino, L);PANNTDA12TL;EXPLORE PANTS DAMA;Dama;Azul Marino;L;1,00
TOLON;[PANNTDA33TL] EXPLORE PANTS DAMA (Kaki, L);PANNTDA33TL;EXPLORE PANTS DAMA;Dama;Kaki;L;3,00
TOLON;[PANNTDA33TXL] EXPLORE PANTS DAMA (Kaki, XL);PANNTDA33TXL;EXPLORE PANTS DAMA;Dama;Kaki;XL;3,00
TOLON;[PANNTDA12TM] EXPLORE PANTS DAMA (Azul Marino, M);PANNTDA12TM;EXPLORE PANTS DAMA;Dama;Azul Marino;M;4,00
TOLON;[PANNTDA33TXS] EXPLORE PANTS DAMA (Kaki, XS);PANNTDA33TXS;EXPLORE PANTS DAMA;Dama;Kaki;XS;1,00
TOLON;[PANNTCA43TXL] EXPLORE PANTS CAB (Negro, XL);PANNTCA43TXL;EXPLORE PANTS CAB;Caballero;Negro;XL;2,00
TOLON;[PANNTCA43TS] EXPLORE PANTS CAB (Negro, S);PANNTCA43TS;EXPLORE PANTS CAB;Caballero;Negro;S;4,00
TOLON;[PANNTCA43TM] EXPLORE PANTS CAB (Negro, M);PANNTCA43TM;EXPLORE PANTS CAB;Caballero;Negro;M;2,00
TOLON;[PANNTCA33TXL] EXPLORE PANTS CAB (Kaki, XL);PANNTCA33TXL;EXPLORE PANTS CAB;Caballero;Kaki;XL;8,00
TOLON;[PANNTCA33TS] EXPLORE PANTS CAB (Kaki, S);PANNTCA33TS;EXPLORE PANTS CAB;Caballero;Kaki;S;4,00
TOLON;[PANNTCA12TXL] EXPLORE PANTS CAB (Azul Marino, XL);PANNTCA12TXL;EXPLORE PANTS CAB;Caballero;Azul Marino;XL;2,00
TOLON;[PANNTCA12TS] EXPLORE PANTS CAB (Azul Marino, S);PANNTCA12TS;EXPLORE PANTS CAB;Caballero;Azul Marino;S;6,00
TOLON;[PANNTCA66TS] EXPLORE PANTS CAB (Verde Militar, S);PANNTCA66TS;EXPLORE PANTS CAB;Caballero;Verde Militar;S;5,00
TOLON;[PANNTKI33T10] EXPLORE PANTS KIDS (Kaki, 10);PANNTKI33T10;EXPLORE PANTS KIDS;Kids;Kaki;10;1,00
TOLON;[PANNTDA43TM] EXPLORE PANTS DAMA (Negro, M);PANNTDA43TM;EXPLORE PANTS DAMA;Dama;Negro;M;2,00
TOLON;[EPNTKI33T12] EXPLORE PANTS KIDS (Kaki, 12);EPNTKI33T12;EXPLORE PANTS KIDS;Kids;Kaki;12;3,00
TOLON;[PANNTKI43T12] EXPLORE PANTS KIDS (Negro, 12);PANNTKI43T12;EXPLORE PANTS KIDS;Kids;Negro;12;1,00
TOLON;[PANNTKI12T12] EXPLORE PANTS KIDS (Azul Marino, 12);PANNTKI12T12;EXPLORE PANTS KIDS;Kids;Azul Marino;12;1,00
TOLON;[PANNTKI66T12] EXPLORE PANTS KIDS (Verde Militar, 12);PANNTKI66T12;EXPLORE PANTS KIDS;Kids;Verde Militar;12;1,00
TOLON;[PANNTKI66T10] EXPLORE PANTS KIDS (Verde Militar, 10);PANNTKI66T10;EXPLORE PANTS KIDS;Kids;Verde Militar;10;1,00
TOLON;[PANNTKI12T10] EXPLORE PANTS KIDS (Azul Marino, 10);PANNTKI12T10;EXPLORE PANTS KIDS;Kids;Azul Marino;10;1,00
TOLON;[PANNTKI33T10] EXPLORE PANTS KIDS (Kaki, 10);PANNTKI33T10;EXPLORE PANTS KIDS;Kids;Kaki;10;1,00
TOLON;[PANNTDA66TM] EXPLORE PANTS DAMA (Verde Militar, M);PANNTDA66TM;EXPLORE PANTS DAMA;Dama;Verde Militar;M;2,00
TOLON;[PANNTCA66TL] EXPLORE PANTS CAB (Verde Militar, L);PANNTCA66TL;EXPLORE PANTS CAB;Caballero;Verde Militar;L;1,00
TOLON;[PANNTDA12TXS] EXPLORE PANTS DAMA (Azul Marino, XS);PANNTDA12TXS;EXPLORE PANTS DAMA;Dama;Azul Marino;XS;1,00
TOLON;[PANNTDA12TS] EXPLORE PANTS DAMA (Azul Marino, S);PANNTDA12TS;EXPLORE PANTS DAMA;Dama;Azul Marino;S;1,00
TOLON;[PANNTDA66TXS] EXPLORE PANTS DAMA (Verde Militar, XS);PANNTDA66TXS;EXPLORE PANTS DAMA;Dama;Verde Militar;XS;1,00
TOLON;[PANNTDA66TS] EXPLORE PANTS DAMA (Verde Militar, S);PANNTDA66TS;EXPLORE PANTS DAMA;Dama;Verde Militar;S;1,00
TOLON;[PANNTDA31TS] EXPLORE PANTS DAMA (Gris Oscuro, S);PANNTDA31TS;EXPLORE PANTS DAMA;Dama;Gris Oscuro;S;1,00
TOLON;[PANNTDA30TXS] EXPLORE PANTS DAMA (Gris Claro, XS);PANNTDA30TXS;EXPLORE PANTS DAMA;Dama;Gris Claro;XS;1,00
TOLON;[PANNTDA30TS] EXPLORE PANTS DAMA (Gris Claro, S);PANNTDA30TS;EXPLORE PANTS DAMA;Dama;Gris Claro;S;1,00
TOLON;[PANNTDA31TM] EXPLORE PANTS DAMA (Gris Oscuro, M);PANNTDA31TM;EXPLORE PANTS DAMA;Dama;Gris Oscuro;M;1,00
TOLON;[PANNTKI66T8] EXPLORE PANTS KIDS (Verde Militar, 8);PANNTKI66T8;EXPLORE PANTS KIDS;Kids;Verde Militar;8;1,00
TOLON;[PANNTDA43TS] EXPLORE PANTS DAMA (Negro, S);PANNTDA43TS;EXPLORE PANTS DAMA;Dama;Negro;S;1,00
TOLON;[PANNTKI43T6] EXPLORE PANTS KIDS (Negro, 6);PANNTKI43T6;EXPLORE PANTS KIDS;Kids;Negro;6;1,00
TOLON;[PANNTKI43T4] EXPLORE PANTS KIDS (Negro, 4);PANNTKI43T4;EXPLORE PANTS KIDS;Kids;Negro;4;1,00
TOLON;[PANNTKI12T4] EXPLORE PANTS KIDS (Azul Marino, 4);PANNTKI12T4;EXPLORE PANTS KIDS;Kids;Azul Marino;4;1,00
TOLON;[PANNTKI66T2] EXPLORE PANTS KIDS (Verde Militar, 2);PANNTKI66T2;EXPLORE PANTS KIDS;Kids;Verde Militar;2;1,00
TOLON;[PANNTKI43T2] EXPLORE PANTS KIDS (Negro, 2);PANNTKI43T2;EXPLORE PANTS KIDS;Kids;Negro;2;1,00
TOLON;[PANNTKI12T2] EXPLORE PANTS KIDS (Azul Marino, 2);PANNTKI12T2;EXPLORE PANTS KIDS;Kids;Azul Marino;2;1,00
TOLON;[PANNTKI33T2] EXPLORE PANTS KIDS (Kaki, 2);PANNTKI33T2;EXPLORE PANTS KIDS;Kids;Kaki;2;1,00
TOLON;[PANNTDA66TL] EXPLORE PANTS DAMA (Verde Militar, L);PANNTDA66TL;EXPLORE PANTS DAMA;Dama;Verde Militar;L;1,00
TOLON;[PANNTDA33TXS] EXPLORE PANTS DAMA (Kaki, XS);PANNTDA33TXS;EXPLORE PANTS DAMA;Dama;Kaki;XS;1,00
TOLON;[PANNTDA12TM] EXPLORE PANTS DAMA (Azul Marino, M);PANNTDA12TM;EXPLORE PANTS DAMA;Dama;Azul Marino;M;1,00
TOLON;[PANNTDA66TXL] EXPLORE PANTS DAMA (Verde Militar, XL);PANNTDA66TXL;EXPLORE PANTS DAMA;Dama;Verde Militar;XL;1,00
TOLON;[PANNTDA33TS] EXPLORE PANTS DAMA (Kaki, S);PANNTDA33TS;EXPLORE PANTS DAMA;Dama;Kaki;S;1,00
TOLON;[PANNTKI43T8] EXPLORE PANTS KIDS (Negro, 8);PANNTKI43T8;EXPLORE PANTS KIDS;Kids;Negro;8;1,00
TOLON;[PANNTKI12T8] EXPLORE PANTS KIDS (Azul Marino, 8);PANNTKI12T8;EXPLORE PANTS KIDS;Kids;Azul Marino;8;1,00
TOLON;[PANNTKI12T6] EXPLORE PANTS KIDS (Azul Marino, 6);PANNTKI12T6;EXPLORE PANTS KIDS;Kids;Azul Marino;6;1,00
TOLON;[PANNTKI33T4] EXPLORE PANTS KIDS (Kaki, 4);PANNTKI33T4;EXPLORE PANTS KIDS;Kids;Kaki;4;1,00
TOLON;[PANNTKI66T4] EXPLORE PANTS KIDS (Verde Militar, 4);PANNTKI66T4;EXPLORE PANTS KIDS;Kids;Verde Militar;4;1,00
TOLON;[PANNTCA12TS] EXPLORE PANTS CAB (Azul Marino, S);PANNTCA12TS;EXPLORE PANTS CAB;Caballero;Azul Marino;S;1,00
TOLON;[PANNTCA12TM] EXPLORE PANTS CAB (Azul Marino, M);PANNTCA12TM;EXPLORE PANTS CAB;Caballero;Azul Marino;M;2,00
TOLON;[PANNTCA43TS] EXPLORE PANTS CAB (Negro, S);PANNTCA43TS;EXPLORE PANTS CAB;Caballero;Negro;S;1,00
TOLON;[PANNTDA33TXL] EXPLORE PANTS DAMA (Kaki, XL);PANNTDA33TXL;EXPLORE PANTS DAMA;Dama;Kaki;XL;1,00
TOLON;[PANNTCA43TXL] EXPLORE PANTS CAB (Negro, XL);PANNTCA43TXL;EXPLORE PANTS CAB;Caballero;Negro;XL;1,00
TOLON;[PANNTDA30TM] EXPLORE PANTS DAMA (Gris Claro, M);PANNTDA30TM;EXPLORE PANTS DAMA;Dama;Gris Claro;M;1,00
TOLON;[PANNTCA12TXL] EXPLORE PANTS CAB (Azul Marino, XL);PANNTCA12TXL;EXPLORE PANTS CAB;Caballero;Azul Marino;XL;1,00
TOLON;[PANNTDA12TL] EXPLORE PANTS DAMA (Azul Marino, L);PANNTDA12TL;EXPLORE PANTS DAMA;Dama;Azul Marino;L;1,00
TOLON;[PANNTCA33TS] EXPLORE PANTS CAB (Kaki, S);PANNTCA33TS;EXPLORE PANTS CAB;Caballero;Kaki;S;1,00
TOLON;[PANNTDA33TM] EXPLORE PANTS DAMA (Kaki, M);PANNTDA33TM;EXPLORE PANTS DAMA;Dama;Kaki;M;1,00
TOLON;[PANNTCA66TS] EXPLORE PANTS CAB (Verde Militar, S);PANNTCA66TS;EXPLORE PANTS CAB;Caballero;Verde Militar;S;1,00
TOLON;[PANNTKI33T8] EXPLORE PANTS KIDS (Kaki, 8);PANNTKI33T8;EXPLORE PANTS KIDS;Kids;Kaki;8;1,00
TOLON;[PANNTCA12TL] EXPLORE PANTS CAB (Azul Marino, L);PANNTCA12TL;EXPLORE PANTS CAB;Caballero;Azul Marino;L;1,00
TOLON;[PANNTDA33TL] EXPLORE PANTS DAMA (Kaki, L);PANNTDA33TL;EXPLORE PANTS DAMA;Dama;Kaki;L;1,00
TOLON;[PANNTDA43TXS] EXPLORE PANTS DAMA (Negro, XS);PANNTDA43TXS;EXPLORE PANTS DAMA;Dama;Negro;XS;1,00
TOLON;[PANNTCA33TXL] EXPLORE PANTS CAB (Kaki, XL);PANNTCA33TXL;EXPLORE PANTS CAB;Caballero;Kaki;XL;1,00
TOLON;[PANNTCA33TL] EXPLORE PANTS CAB (Kaki, L);PANNTCA33TL;EXPLORE PANTS CAB;Caballero;Kaki;L;1,00
TOLON;[PANNTCA43TM] EXPLORE PANTS CAB (Negro, M);PANNTCA43TM;EXPLORE PANTS CAB;Caballero;Negro;M;1,00
TOLON;[PANNTCA66TM] EXPLORE PANTS CAB (Verde Militar, M);PANNTCA66TM;EXPLORE PANTS CAB;Caballero;Verde Militar;M;1,00
TOLON;[PANNTCA33TM] EXPLORE PANTS CAB (Kaki, M);PANNTCA33TM;EXPLORE PANTS CAB;Caballero;Kaki;M;1,00
VELA;[PANNTDA43TS] EXPLORE PANTS DAMA (Negro, S);PANNTDA43TS;EXPLORE PANTS DAMA;Dama;Negro;S;8,00
VELA;[PANNTDA43TXS] EXPLORE PANTS DAMA (Negro, XS);PANNTDA43TXS;EXPLORE PANTS DAMA;Dama;Negro;XS;2,00
VELA;[PANNTKI66T10] EXPLORE PANTS KIDS (Verde Militar, 10);PANNTKI66T10;EXPLORE PANTS KIDS;Kids;Verde Militar;10;1,00
VELA;[PANNTCA33TL] EXPLORE PANTS CAB (Kaki, L);PANNTCA33TL;EXPLORE PANTS CAB;Caballero;Kaki;L;19,00
VELA;[PANNTCA33TM] EXPLORE PANTS CAB (Kaki, M);PANNTCA33TM;EXPLORE PANTS CAB;Caballero;Kaki;M;7,00
VELA;[PANNTCA12TL] EXPLORE PANTS CAB (Azul Marino, L);PANNTCA12TL;EXPLORE PANTS CAB;Caballero;Azul Marino;L;8,00
VELA;[PANNTCA12TM] EXPLORE PANTS CAB (Azul Marino, M);PANNTCA12TM;EXPLORE PANTS CAB;Caballero;Azul Marino;M;12,00
VELA;[PANNTDA30TXS] EXPLORE PANTS DAMA (Gris Claro, XS);PANNTDA30TXS;EXPLORE PANTS DAMA;Dama;Gris Claro;XS;-1,00
VELA;[PANNTDA66TXS] EXPLORE PANTS DAMA (Verde Militar, XS);PANNTDA66TXS;EXPLORE PANTS DAMA;Dama;Verde Militar;XS;3,00
VELA;[PANNTDA66TM] EXPLORE PANTS DAMA (Verde Militar, M);PANNTDA66TM;EXPLORE PANTS DAMA;Dama;Verde Militar;M;6,00
VELA;[PANNTDA33TM] EXPLORE PANTS DAMA (Kaki, M);PANNTDA33TM;EXPLORE PANTS DAMA;Dama;Kaki;M;5,00
VELA;[PANNTDA66TS] EXPLORE PANTS DAMA (Verde Militar, S);PANNTDA66TS;EXPLORE PANTS DAMA;Dama;Verde Militar;S;5,00
VELA;[PANNTKI43T8] EXPLORE PANTS KIDS (Negro, 8);PANNTKI43T8;EXPLORE PANTS KIDS;Kids;Negro;8;6,00
VELA;[PANNTKI33T4] EXPLORE PANTS KIDS (Kaki, 4);PANNTKI33T4;EXPLORE PANTS KIDS;Kids;Kaki;4;-1,00
VELA;[PANNTKI12T12] EXPLORE PANTS KIDS (Azul Marino, 12);PANNTKI12T12;EXPLORE PANTS KIDS;Kids;Azul Marino;12;-1,00
VELA;[PANNTCA66TM] EXPLORE PANTS CAB (Verde Militar, M);PANNTCA66TM;EXPLORE PANTS CAB;Caballero;Verde Militar;M;3,00
VELA;[PANNTCA66TL] EXPLORE PANTS CAB (Verde Militar, L);PANNTCA66TL;EXPLORE PANTS CAB;Caballero;Verde Militar;L;10,00
VELA;[PANNTCA66TS] EXPLORE PANTS CAB (Verde Militar, S);PANNTCA66TS;EXPLORE PANTS CAB;Caballero;Verde Militar;S;3,00
VELA;[PANNTDA12TM] EXPLORE PANTS DAMA (Azul Marino, M);PANNTDA12TM;EXPLORE PANTS DAMA;Dama;Azul Marino;M;4,00
VELA;[PANNTDA12TS] EXPLORE PANTS DAMA (Azul Marino, S);PANNTDA12TS;EXPLORE PANTS DAMA;Dama;Azul Marino;S;10,00
VELA;[PANNTDA43TM] EXPLORE PANTS DAMA (Negro, M);PANNTDA43TM;EXPLORE PANTS DAMA;Dama;Negro;M;2,00
VELA;[PANNTDA12TXS] EXPLORE PANTS DAMA (Azul Marino, XS);PANNTDA12TXS;EXPLORE PANTS DAMA;Dama;Azul Marino;XS;2,00
VELA;[PANNTDA66TXS] EXPLORE PANTS DAMA (Verde Militar, XS);PANNTDA66TXS;EXPLORE PANTS DAMA;Dama;Verde Militar;XS;3,00
VELA;[PANNTDA66TM] EXPLORE PANTS DAMA (Verde Militar, M);PANNTDA66TM;EXPLORE PANTS DAMA;Dama;Verde Militar;M;3,00
VELA;[PANNTDA66TS] EXPLORE PANTS DAMA (Verde Militar, S);PANNTDA66TS;EXPLORE PANTS DAMA;Dama;Verde Militar;S;2,00
VELA;[PANNTDA31TS] EXPLORE PANTS DAMA (Gris Oscuro, S);PANNTDA31TS;EXPLORE PANTS DAMA;Dama;Gris Oscuro;S;1,00
VELA;[PANNTCA33TS] EXPLORE PANTS CAB (Kaki, S);PANNTCA33TS;EXPLORE PANTS CAB;Caballero;Kaki;S;1,00
VELA;[PANNTCA66TS] EXPLORE PANTS CAB (Verde Militar, S);PANNTCA66TS;EXPLORE PANTS CAB;Caballero;Verde Militar;S;2,00
VELA;[PANNTCA66TM] EXPLORE PANTS CAB (Verde Militar, M);PANNTCA66TM;EXPLORE PANTS CAB;Caballero;Verde Militar;M;4,00
VELA;[PANNTCA12TS] EXPLORE PANTS CAB (Azul Marino, S);PANNTCA12TS;EXPLORE PANTS CAB;Caballero;Azul Marino;S;7,00
VELA;[PANNTCA12TM] EXPLORE PANTS CAB (Azul Marino, M);PANNTCA12TM;EXPLORE PANTS CAB;Caballero;Azul Marino;M;3,00
VELA;[PANNTCA12TL] EXPLORE PANTS CAB (Azul Marino, L);PANNTCA12TL;EXPLORE PANTS CAB;Caballero;Azul Marino;L;4,00
VELA;[PANNTCA43TM] EXPLORE PANTS CAB (Negro, M);PANNTCA43TM;EXPLORE PANTS CAB;Caballero;Negro;M;2,00
VELA;[PANNTKI12T2] EXPLORE PANTS KIDS (Azul Marino, 2);PANNTKI12T2;EXPLORE PANTS KIDS;Kids;Azul Marino;2;2,00
VELA;[PANNTKI12T6] EXPLORE PANTS KIDS (Azul Marino, 6);PANNTKI12T6;EXPLORE PANTS KIDS;Kids;Azul Marino;6;2,00
VELA;[PANNTKI12T10] EXPLORE PANTS KIDS (Azul Marino, 10);PANNTKI12T10;EXPLORE PANTS KIDS;Kids;Azul Marino;10;2,00
VELA;[PANNTKI12T4] EXPLORE PANTS KIDS (Azul Marino, 4);PANNTKI12T4;EXPLORE PANTS KIDS;Kids;Azul Marino;4;4,00
VELA;[PANNTKI12T12] EXPLORE PANTS KIDS (Azul Marino, 12);PANNTKI12T12;EXPLORE PANTS KIDS;Kids;Azul Marino;12;1,00
VELA;[PANNTDA43TM] EXPLORE PANTS DAMA (Negro, M);PANNTDA43TM;EXPLORE PANTS DAMA;Dama;Negro;M;3,00
VELA;[PANNTDA30TS] EXPLORE PANTS DAMA (Gris Claro, S);PANNTDA30TS;EXPLORE PANTS DAMA;Dama;Gris Claro;S;2,00
VELA;[PANNTCA43TS] EXPLORE PANTS CAB (Negro, S);PANNTCA43TS;EXPLORE PANTS CAB;Caballero;Negro;S;4,00
VELA;[PANNTDA43TXS] EXPLORE PANTS DAMA (Negro, XS);PANNTDA43TXS;EXPLORE PANTS DAMA;Dama;Negro;XS;2,00
VELA;[PANNTDA43TS] EXPLORE PANTS DAMA (Negro, S);PANNTDA43TS;EXPLORE PANTS DAMA;Dama;Negro;S;5,00
VELA;[PANNTDA30TXS] EXPLORE PANTS DAMA (Gris Claro, XS);PANNTDA30TXS;EXPLORE PANTS DAMA;Dama;Gris Claro;XS;1,00
VELA;[PANNTDA33TS] EXPLORE PANTS DAMA (Kaki, S);PANNTDA33TS;EXPLORE PANTS DAMA;Dama;Kaki;S;1,00
VELA;[PANNTDA33TXL] EXPLORE PANTS DAMA (Kaki, XL);PANNTDA33TXL;EXPLORE PANTS DAMA;Dama;Kaki;XL;2,00
VELA;[PANNTKI43T12] EXPLORE PANTS KIDS (Negro, 12);PANNTKI43T12;EXPLORE PANTS KIDS;Kids;Negro;12;1,00
VELA;[PANNTKI66T10] EXPLORE PANTS KIDS (Verde Militar, 10);PANNTKI66T10;EXPLORE PANTS KIDS;Kids;Verde Militar;10;3,00
VELA;[PANNTKI66T8] EXPLORE PANTS KIDS (Verde Militar, 8);PANNTKI66T8;EXPLORE PANTS KIDS;Kids;Verde Militar;8;2,00
VELA;[PANNTKI66T12] EXPLORE PANTS KIDS (Verde Militar, 12);PANNTKI66T12;EXPLORE PANTS KIDS;Kids;Verde Militar;12;1,00
VELA;[PANNTKI66T6] EXPLORE PANTS KIDS (Verde Militar, 6);PANNTKI66T6;EXPLORE PANTS KIDS;Kids;Verde Militar;6;2,00
VELA;[PANNTKI66T4] EXPLORE PANTS KIDS (Verde Militar, 4);PANNTKI66T4;EXPLORE PANTS KIDS;Kids;Verde Militar;4;1,00
VELA;[PANNTKI66T2] EXPLORE PANTS KIDS (Verde Militar, 2);PANNTKI66T2;EXPLORE PANTS KIDS;Kids;Verde Militar;2;2,00
VELA;[PANNTKI43T10] EXPLORE PANTS KIDS (Negro, 10);PANNTKI43T10;EXPLORE PANTS KIDS;Kids;Negro;10;1,00
VELA;[PANNTKI43T8] EXPLORE PANTS KIDS (Negro, 8);PANNTKI43T8;EXPLORE PANTS KIDS;Kids;Negro;8;1,00
VELA;[PANNTKI43T6] EXPLORE PANTS KIDS (Negro, 6);PANNTKI43T6;EXPLORE PANTS KIDS;Kids;Negro;6;1,00
VELA;[PANNTKI43T4] EXPLORE PANTS KIDS (Negro, 4);PANNTKI43T4;EXPLORE PANTS KIDS;Kids;Negro;4;2,00
VELA;[PANNTKI43T2] EXPLORE PANTS KIDS (Negro, 2);PANNTKI43T2;EXPLORE PANTS KIDS;Kids;Negro;2;2,00
VELA;[EPNTKI33T12] EXPLORE PANTS KIDS (Kaki, 12);EPNTKI33T12;EXPLORE PANTS KIDS;Kids;Kaki;12;1,00
VELA;[PANNTKI33T6] EXPLORE PANTS KIDS (Kaki, 6);PANNTKI33T6;EXPLORE PANTS KIDS;Kids;Kaki;6;2,00
VELA;[PANNTKI33T4] EXPLORE PANTS KIDS (Kaki, 4);PANNTKI33T4;EXPLORE PANTS KIDS;Kids;Kaki;4;1,00
VELA;[PANNTKI33T2] EXPLORE PANTS KIDS (Kaki, 2);PANNTKI33T2;EXPLORE PANTS KIDS;Kids;Kaki;2;2,00
VELA;[PANNTDA12TM] EXPLORE PANTS DAMA (Azul Marino, M);PANNTDA12TM;EXPLORE PANTS DAMA;Dama;Azul Marino;M;2,00
VELA;[PANNTDA12TS] EXPLORE PANTS DAMA (Azul Marino, S);PANNTDA12TS;EXPLORE PANTS DAMA;Dama;Azul Marino;S;1,00
VELA;[PANNTCA33TM] EXPLORE PANTS CAB (Kaki, M);PANNTCA33TM;EXPLORE PANTS CAB;Caballero;Kaki;M;1,00
VELA;[PANNTCA66TL] EXPLORE PANTS CAB (Verde Militar, L);PANNTCA66TL;EXPLORE PANTS CAB;Caballero;Verde Militar;L;1,00
