COLOR_N,unid_vendidas,unid_mensuales,share_%,unid_mensuales_ult3,inv_pt_unid,inv_mp_kg,kg_total,kg_mensual,kg_mensual_ult3,dias_cobertura_PT,dias_cobertura_PT_ult3,dias_cobertura_MP,dias_cobertura_MP_ult3,demanda_LT_kg,demanda_target_kg,pedido_sugerido_kg,rotacion_score,riesgo_PT,status_MP,en_catalogo_MP,en_boom,velocity,score_logistica
NEGRO,4256,425.6,16.1,336.67,3064.0,759.78,1896.55,189.65,149.93,215.98,273.03,120.18,152.03,224.89,374.82,0.0,16.1,CRITICO - riesgo inmovilizacion,EXCESO - sobreinventario MP,True,True,0.14,0.66
BLANCO,3450,345.0,13.05,304.33,2291.0,863.66,1450.04,145.0,129.45,199.22,225.84,178.68,200.15,194.18,323.63,0.0,13.05,CRITICO - riesgo inmovilizacion,EXCESO - sobreinventario MP,True,True,0.15,0.57
AZUL MARINO,3214,321.4,12.16,234.33,1843.0,711.36,1425.11,142.51,103.64,172.03,235.95,149.75,205.92,155.45,259.09,0.0,12.16,CRITICO - riesgo inmovilizacion,EXCESO - sobreinventario MP,True,True,0.17,0.56
LILA,2275,227.5,8.61,96.67,947.0,188.44,707.59,70.76,35.76,124.88,293.9,79.89,158.1,53.63,89.39,0.0,8.61,ALTO - lento,EXCESO - sobreinventario MP,True,True,0.24,0.48
AZUL LAVANDA,2199,219.9,8.32,127.0,1480.0,221.0,927.82,92.78,56.5,201.91,349.61,71.46,117.34,84.76,141.26,0.0,8.32,CRITICO - riesgo inmovilizacion,OK - cobertura adecuada,True,True,0.15,0.42
ROSADO NEON,166,16.6,0.63,2.67,0.0,0.0,67.75,6.78,0.97,0.0,0.0,0.0,0.0,1.46,2.44,2.44,0.63,BAJO - rota bien,SIN STOCK MP - urgente,False,False,16.6,0.41
FUCSIA,85,8.5,0.32,5.33,0.0,90.12,31.47,3.15,2.11,0.0,0.0,859.24,1282.1,3.16,5.27,0.0,0.32,BAJO - rota bien,EXCESO - sobreinventario MP,True,False,8.5,0.39
VERDE MILITAR,1987,198.7,7.52,189.33,1679.0,141.86,882.23,88.22,84.8,253.5,266.04,48.24,50.19,127.2,212.0,70.14,7.52,CRITICO - riesgo inmovilizacion,BAJO - pedir pronto,True,True,0.12,0.39
MORADO,139,13.9,0.53,3.67,0.0,0.0,57.71,5.77,1.39,0.0,0.0,0.0,0.0,2.08,3.47,3.47,0.53,BAJO - rota bien,SIN STOCK MP - urgente,False,False,13.9,0.37
AZUL REY,1467,146.7,5.55,131.33,1423.0,390.44,652.31,65.23,54.92,291.0,325.05,179.56,213.28,82.38,137.3,0.0,5.55,CRITICO - riesgo inmovilizacion,EXCESO - sobreinventario MP,True,True,0.1,0.32
AGUAMARINA,1372,137.2,5.19,88.33,1719.0,363.88,585.32,58.53,36.95,375.87,583.81,186.5,295.41,55.43,92.38,0.0,5.19,CRITICO - riesgo inmovilizacion,EXCESO - sobreinventario MP,True,True,0.08,0.31
AZUL TURQUESA,102,10.2,0.39,0.0,0.0,0.0,48.52,4.85,0.0,0.0,,0.0,,7.28,12.13,12.13,0.39,BAJO - rota bien,SIN STOCK MP - urgente,False,False,10.2,0.31
GRIS CLARO,971,97.1,3.67,79.33,557.0,162.62,442.53,44.25,38.51,172.09,210.63,110.24,126.68,57.77,96.28,0.0,3.67,CRITICO - riesgo inmovilizacion,EXCESO - sobreinventario MP,True,True,0.17,0.3
AMARILLO PASTEL,91,9.1,0.34,0.67,0.0,0.0,38.91,3.89,0.32,0.0,0.0,0.0,0.0,0.47,0.79,0.79,0.34,BAJO - rota bien,SIN STOCK MP - urgente,False,False,9.1,0.29
VINOTINTO,1133,113.3,4.29,107.0,1387.0,175.38,489.38,48.94,46.13,367.26,388.88,107.51,114.06,69.19,115.32,0.0,4.29,CRITICO - riesgo inmovilizacion,OK - cobertura adecuada,True,True,0.08,0.28
ROSADO PASTEL,616,61.6,2.33,57.33,796.0,31.44,221.57,22.16,19.11,387.66,416.51,42.57,49.36,28.67,47.78,16.34,2.33,CRITICO - riesgo inmovilizacion,BAJO - pedir pronto,True,True,0.08,0.22
CORAL NEON,46,4.6,0.17,1.0,0.0,0.0,21.2,2.12,0.36,0.0,0.0,0.0,0.0,0.54,0.9,0.9,0.17,BAJO - rota bien,SIN STOCK MP - urgente,False,False,4.6,0.22
AMARILLO NEON,546,54.6,2.07,47.67,1327.0,57.94,233.95,23.39,20.9,729.12,835.17,74.3,83.15,31.36,52.26,0.0,2.07,CRITICO - riesgo inmovilizacion,OK - cobertura adecuada,True,True,0.04,0.21
AZUL CIELO,204,20.4,0.77,4.0,7.0,0.0,85.23,8.52,1.7,10.29,52.5,0.0,0.0,2.55,4.25,4.25,0.77,BAJO - rota bien,SIN STOCK MP - urgente,False,False,2.55,0.21
ROJO,1215,121.5,4.6,79.33,1699.0,0.0,522.69,52.27,34.48,419.51,642.48,0.0,0.0,51.71,86.19,86.19,4.6,CRITICO - riesgo inmovilizacion,SIN STOCK MP - urgente,False,True,0.07,0.19
MORADO UVA,4,0.4,0.02,0.67,0.0,0.0,1.8,0.18,0.29,0.0,0.0,0.0,0.0,0.44,0.73,0.73,0.02,BAJO - rota bien,SIN STOCK MP - urgente,False,False,0.4,0.15
PURPURA,887,88.7,3.36,70.67,983.0,0.0,318.82,31.88,24.04,332.47,417.31,0.0,0.0,36.06,60.1,60.1,3.36,CRITICO - riesgo inmovilizacion,SIN STOCK MP - urgente,False,True,0.09,0.15
GRIS OSCURO,2,0.2,0.01,0.0,0.0,0.0,0.76,0.08,0.0,0.0,,0.0,,0.11,0.19,0.19,0.01,BAJO - rota bien,SIN STOCK MP - urgente,False,False,0.2,0.15
