Producto,COLOR_N,Cant. ordenada
MAFE ORIGINAL DAMA,LILA,1205
MAR ORIGINAL CAB,NEGRO,940
MAR ORIGINAL CAB,AZUL MARINO,817
MAR ORIGINAL CAB,BLANCO,658
MAR ORIGINAL DAMA,AZUL MARINO,622
MAR ORIGINAL DAMA,NEGRO,607
MAR ORIGINAL DAMA,BLANCO,590
MAR ORIGINAL CAB,VERDE MILITAR,590
CLASICA ORIGINAL CAB,NEGRO,528
MAR ORIGINAL CAB,AZUL LAVANDA,449
CLASICA ORIGINAL CAB,BLANCO,426
RIO ORIGINAL CAB,NEGRO,408
RIO ORIGINAL DAMA,NEGRO,403
MAR ORIGINAL DAMA,VERDE MILITAR,400
MAR ORIGINAL KIDS,BLANCO,380
MAR ORIGINAL DAMA,AZUL LAVANDA,362
MAR ORIGINAL CAB,AZUL REY,357
MAR ORIGINAL KIDS,AZUL MARINO,334
MAR ORIGINAL CAB,GRIS CLARO,329
MAR ORIGINAL KIDS,NEGRO,311
CLASICA ORIGINAL CAB,AZUL MARINO,311
CLASICA ORIGINAL DAMA,BLANCO,310
CLASICA ORIGINAL DAMA,NEGRO,302
MAR ORIGINAL DAMA,PURPURA,298
MAR ORIGINAL DAMA,LILA,295
MAFE ORIGINAL DAMA,AZUL LAVANDA,293
MAR ORIGINAL CAB,AGUAMARINA,289
MAR ORIGINAL DAMA,AZUL REY,288
RIO ORIGINAL DAMA,AZUL MARINO,271
MAR ORIGINAL DAMA,ROJO,261
RIO ORIGINAL KIDS,AZUL LAVANDA,242
MAR ORIGINAL DAMA,VINOTINTO,239
RIO ORIGINAL KIDS,AZUL MARINO,236
RIO ORIGINAL CAB,BLANCO,232
CLASICA ORIGINAL CAB,AZUL LAVANDA,227
RIO ORIGINAL CAB,AZUL MARINO,227
RIO ORIGINAL DAMA,BLANCO,217
MAR ORIGINAL DAMA,AGUAMARINA,217
MAR ORIGINAL CAB,ROJO,214
RIO ORIGINAL KIDS,NEGRO,212
MAFE ORIGINAL DAMA,BLANCO,212
MAR ORIGINAL CAB,VINOTINTO,207
RIO ORIGINAL CAB,AZUL REY,204
RIO ORIGINAL DAMA,LILA,201
RIO ORIGINAL KIDS,AZUL REY,200
MAR ORIGINAL KIDS,ROJO,194
RIO ORIGINAL CAB,AZUL LAVANDA,194
MAFE ORIGINAL DAMA,NEGRO,194
MAR ORIGINAL KIDS,LILA,189
CLASICA ORIGINAL DAMA,AZUL MARINO,189
RIO ORIGINAL DAMA,AGUAMARINA,188
RIO ORIGINAL KIDS,LILA,184
RIO ORIGINAL DAMA,AZUL LAVANDA,183
RIO ORIGINAL KIDS,ROJO,182
MAR ORIGINAL KIDS,VERDE MILITAR,182
CLASICA ORIGINAL CAB,VERDE MILITAR,175
MAR ORIGINAL KIDS,AGUAMARINA,171
RIO ORIGINAL CAB,VERDE MILITAR,170
MAR ORIGINAL KIDS,ROSADO PASTEL,164
RIO ORIGINAL CAB,ROJO,164
MAR ORIGINAL KIDS,AZUL REY,159
RIO ORIGINAL KIDS,BLANCO,158
MAR ORIGINAL DAMA,ROSADO PASTEL,147
MAR ORIGINAL DAMA,GRIS CLARO,147
RIO ORIGINAL KIDS,AGUAMARINA,142
MAR ORIGINAL KIDS,PURPURA,136
RIO ORIGINAL KIDS,PURPURA,133
RIO ORIGINAL DAMA,ROJO,132
MAR ORIGINAL KIDS,AZUL LAVANDA,128
CLASICA ORIGINAL CAB,GRIS CLARO,124
RIO ORIGINAL CAB,VINOTINTO,118
CLASICA ORIGINAL CAB,VINOTINTO,113
MAR ORIGINAL CAB,AMARILLO NEON,111
RIO ORIGINAL KIDS,VERDE MILITAR,110
ZOE ORIGINAL DAMA,NEGRO,108
CLASICA ORIGINAL CAB,AZUL REY,107
CLASICA ORIGINAL KIDS,BLANCO,107
RIO ORIGINAL DAMA,VINOTINTO,103
RIO ORIGINAL CAB,AGUAMARINA,100
MAFE ORIGINAL DAMA,VINOTINTO,97
MAR ORIGINAL KIDS,GRIS CLARO,95
CLASICA ORIGINAL DAMA,AZUL CIELO,92
MAR ORIGINAL DAMA,AMARILLO NEON,91
RIO ORIGINAL KIDS,ROSADO PASTEL,89
RIO ORIGINAL DAMA,PURPURA,88
CLASICA ORIGINAL DAMA,ROSADO NEON,88
CLASICA ORIGINAL DAMA,AGUAMARINA,88
RIO ORIGINAL DAMA,VERDE MILITAR,86
MAR ORIGINAL KIDS,AMARILLO NEON,82
MAFE ORIGINAL DAMA,PURPURA,81
RIO ORIGINAL CAB,GRIS CLARO,79
MAR ORIGINAL KIDS,VINOTINTO,77
RIO ORIGINAL KIDS,AMARILLO NEON,75
CLASICA ORIGINAL DAMA,GRIS CLARO,72
ANDRE ORIGINAL DAMA,ROSADO PASTEL,71
ZOE ORIGINAL KIDS,LILA,71
ZOE ORIGINAL DAMA,LILA,69
ANDRE ORIGINAL DAMA,NEGRO,67
CLASICA ORIGINAL DAMA,VINOTINTO,66
MAFE ORIGINAL DAMA,VERDE MILITAR,66
CLASICA ORIGINAL DAMA,VERDE MILITAR,62
CLASICA ORIGINAL KIDS,AZUL MARINO,62
CLASICA ORIGINAL KIDS,NEGRO,59
RIO ORIGINAL DAMA,AZUL REY,57
CLASICA ORIGINAL CAB,AGUAMARINA,56
MAR ORIGINAL DAMA,MORADO,53
CLASICA ORIGINAL KIDS,PURPURA,52
ZOE ORIGINAL KIDS,ROSADO PASTEL,52
CLASICA ORIGINAL CAB,AMARILLO NEON,52
MAFE ORIGINAL DAMA,AGUAMARINA,49
CLASICA ORIGINAL KIDS,VERDE MILITAR,48
ZOE ORIGINAL DAMA,VINOTINTO,47
ANDRE ORIGINAL DAMA,AZUL MARINO,46
ANDRE ORIGINAL DAMA,AMARILLO NEON,44
ZOE ORIGINAL DAMA,AZUL MARINO,44
RIO ORIGINAL DAMA,AMARILLO NEON,41
RIO ORIGINAL DAMA,ROSADO PASTEL,39
RIO ORIGINAL KIDS,GRIS CLARO,37
ZOE ORIGINAL KIDS,BLANCO,36
ZOE ORIGINAL DAMA,AGUAMARINA,35
ZOE ORIGINAL DAMA,ROJO,35
CLASICA ORIGINAL CAB,AZUL CIELO,34
VIVI ORIGINAL DAMA,BLANCO,34
VIVI ORIGINAL DAMA,NEGRO,33
RIO ORIGINAL CAB,AZUL TURQUESA,33
MAR ORIGINAL CAB,PURPURA,31
ZOE ORIGINAL KIDS,AZUL LAVANDA,30
RIO ORIGINAL DAMA,GRIS CLARO,30
MAR ORIGINAL CAB,LILA,29
RIO ORIGINAL CAB,AMARILLO NEON,29
MAR ORIGINAL DAMA,FUCSIA,29
VIVI ORIGINAL DAMA,ROSADO PASTEL,28
ANDRE ORIGINAL DAMA,VERDE MILITAR,28
CLASICA ORIGINAL CAB,ROSADO NEON,27
ZOE ORIGINAL DAMA,BLANCO,27
MAR ORIGINAL CAB,MORADO,27
BANDANA PET,VERDE MILITAR,27
BANDANA PET,NEGRO,26
ZOE ORIGINAL KIDS,NEGRO,26
CLASICA ORIGINAL KIDS,AZUL REY,24
RIO ORIGINAL DAMA,AZUL TURQUESA,24
MAFE ORIGINAL DAMA,GRIS CLARO,22
VIVI ORIGINAL DAMA,AZUL LAVANDA,22
VIVI ORIGINAL DAMA,PURPURA,21
ZOE ORIGINAL KIDS,AGUAMARINA,21
ZOE ORIGINAL KIDS,VINOTINTO,21
CLASICA ORIGINAL DAMA,AZUL REY,21
DANI ORIGINAL KIDS,PURPURA,21
VIVI ORIGINAL DAMA,VINOTINTO,19
VIVI ORIGINAL DAMA,AZUL REY,19
MAR ORIGINAL KIDS,AZUL TURQUESA,19
LARISA ORIGINAL DAMA,BLANCO,19
ANDRE ORIGINAL DAMA,BLANCO,19
CLASICA ORIGINAL KIDS,AZUL LAVANDA,19
RIO ORIGINAL DAMA,AMARILLO PASTEL,18
BANDANA PET,AZUL CIELO,18
LARISA ORIGINAL DAMA,NEGRO,17
CLASICA ORIGINAL DAMA,LILA,17
ZOE ORIGINAL KIDS,AZUL MARINO,16
BANDANA PET,MORADO,16
DANI ORIGINAL KIDS,AZUL LAVANDA,15
CLASICA ORIGINAL DAMA,AZUL LAVANDA,15
VIVI ORIGINAL DAMA,VERDE MILITAR,15
ANDRE ORIGINAL DAMA,MORADO,14
ZOE ORIGINAL DAMA,AMARILLO PASTEL,14
MAR ORIGINAL KIDS,MORADO,14
MAR ORIGINAL CAB,AZUL CIELO,14
CLASICA ORIGINAL KIDS,GRIS CLARO,14
ANDRE ORIGINAL DAMA,AZUL REY,13
MAR ORIGINAL KIDS,ROSADO NEON,13
MAR ORIGINAL DAMA,AMARILLO PASTEL,13
MAR ORIGINAL KIDS,CORAL NEON,13
DANI ORIGINAL KIDS,BLANCO,12
MAR ORIGINAL KIDS,FUCSIA,12
DANI ORIGINAL KIDS,VERDE MILITAR,12
ZOE ORIGINAL DAMA,VERDE MILITAR,12
BANDANA PET,ROSADO NEON,12
RIO ORIGINAL CAB,CORAL NEON,12
RIO ORIGINAL KIDS,AZUL TURQUESA,11
VIVI ORIGINAL DAMA,AZUL MARINO,11
MAR ORIGINAL KIDS,AMARILLO PASTEL,11
MAR ORIGINAL CAB,AZUL TURQUESA,10
CLASICA ORIGINAL KIDS,ROSADO PASTEL,10
RIO ORIGINAL KIDS,VINOTINTO,10
RIO ORIGINAL KIDS,AZUL CIELO,10
BANDANA PET,GRIS CLARO,10
DANI ORIGINAL KIDS,AZUL MARINO,10
CLASICA ORIGINAL KIDS,FUCSIA,9
CLASICA ORIGINAL CAB,ROJO,9
ANDRE ORIGINAL DAMA,ROSADO NEON,9
MIA ORIGINAL DAMA,AZUL LAVANDA,9
RIO ORIGINAL DAMA,AZUL CIELO,9
BANDANA PET,FUCSIA,9
RIO ORIGINAL KIDS,AMARILLO PASTEL,9
CLASICA ORIGINAL DAMA,PURPURA,9
MAR ORIGINAL CAB,CORAL NEON,8
BANDANA PET,AGUAMARINA,8
CLASICA ORIGINAL KIDS,VINOTINTO,8
RIO ORIGINAL CAB,AMARILLO PASTEL,8
CLASICA ORIGINAL DAMA,AMARILLO NEON,8
DANI ORIGINAL KIDS,NEGRO,8
ZOE ORIGINAL DAMA,FUCSIA,8
MAR ORIGINAL DAMA,CORAL NEON,7
CLASICA ORIGINAL DAMA,ROSADO PASTEL,7
RIO ORIGINAL DAMA,ROSADO NEON,7
BANDANA PET,PURPURA,7
MAR ORIGINAL KIDS,AZUL CIELO,7
LARISA ORIGINAL DAMA,AZUL MARINO,7
BANDANA PET,BLANCO,7
RIO ORIGINAL KIDS,MORADO,6
RIO ORIGINAL KIDS,FUCSIA,6
MIA ORIGINAL DAMA,NEGRO,6
BANDANA PET,ROJO,6
BANDANA PET,AZUL LAVANDA,6
MIA ORIGINAL DAMA,BLANCO,6
VIVI ORIGINAL DAMA,ROJO,6
ZOE ORIGINAL DAMA,AZUL CIELO,6
CLASICA ORIGINAL CAB,PURPURA,6
BANDANA PET,LILA,5
CLASICA ORIGINAL CAB,AMARILLO PASTEL,5
MAFE ORIGINAL DAMA,AZUL MARINO,5
MAR ORIGINAL DAMA,AZUL TURQUESA,5
ZOE ORIGINAL DAMA,AZUL REY,5
DANI ORIGINAL KIDS,AZUL REY,5
MIA ORIGINAL DAMA,AMARILLO PASTEL,5
CLASICA ORIGINAL KIDS,ROJO,4
CLASICA ORIGINAL DAMA,FUCSIA,4
MAR ORIGINAL DAMA,AZUL CIELO,4
MIA ORIGINAL DAMA,GRIS CLARO,4
LARISA ORIGINAL DAMA,AGUAMARINA,4
CLASICA ORIGINAL KIDS,AMARILLO NEON,4
CLASICA ORIGINAL KIDS,AMARILLO PASTEL,4
CLASICA ORIGINAL KIDS,AZUL CIELO,4
MIA ORIGINAL DAMA,VERDE MILITAR,4
BANDANA PET,MORADO UVA,4
VIVI ORIGINAL DAMA,GRIS CLARO,4
MAR ORIGINAL DAMA,ROSADO NEON,4
BANDANA PET,AZUL REY,4
ANDRE ORIGINAL DAMA,AZUL LAVANDA,3
MAFE ORIGINAL DAMA,AZUL REY,3
CLASICA ORIGINAL CAB,MORADO,3
MIA ORIGINAL DAMA,AZUL MARINO,3
MAR ORIGINAL CAB,ROSADO PASTEL,3
CLASICA ORIGINAL KIDS,AGUAMARINA,3
DANI ORIGINAL KIDS,ROJO,3
BANDANA PET,AMARILLO NEON,3
BANDANA PET,VINOTINTO,3
BANDANA PET,AZUL MARINO,3
ZOE ORIGINAL KIDS,AZUL CIELO,3
CLASICA ORIGINAL CAB,FUCSIA,3
CLASICA ORIGINAL DAMA,ROJO,3
VIVI ORIGINAL DAMA,AMARILLO NEON,3
ANDRE ORIGINAL DAMA,VINOTINTO,2
ZOE ORIGINAL DAMA,AZUL LAVANDA,2
VIVI ORIGINAL DAMA,MORADO,2
RIO ORIGINAL CAB,AZUL CIELO,2
RIO ORIGINAL KIDS,ROSADO NEON,2
ZOE ORIGINAL KIDS,PURPURA,2
CLASICA ORIGINAL KIDS,ROSADO NEON,2
MAR ORIGINAL DAMA,GRIS OSCURO,2
BANDANA PET,CORAL NEON,2
RIO ORIGINAL DAMA,CORAL NEON,2
ANDRE ORIGINAL DAMA,LILA,2
ANDRE ORIGINAL DAMA,GRIS CLARO,2
ZOE ORIGINAL KIDS,FUCSIA,2
DANI ORIGINAL KIDS,VINOTINTO,2
MIA ORIGINAL DAMA,LILA,2
DANI ORIGINAL KIDS,AMARILLO NEON,2
DANI ORIGINAL KIDS,GRIS CLARO,2
LARISA ORIGINAL DAMA,LILA,2
ANDRE ORIGINAL DAMA,PURPURA,1
ANDRE ORIGINAL DAMA,ROJO,1
MAR ORIGINAL CAB,FUCSIA,1
MAR ORIGINAL CAB,AMARILLO PASTEL,1
MAFE ORIGINAL DAMA,MORADO,1
MAFE ORIGINAL DAMA,FUCSIA,1
MAFE ORIGINAL DAMA,AMARILLO NEON,1
MIA ORIGINAL DAMA,ROSADO PASTEL,1
DANI ORIGINAL KIDS,ROSADO PASTEL,1
DANI ORIGINAL KIDS,ROSADO NEON,1
MAR ORIGINAL CAB,ROSADO NEON,1
ZOE ORIGINAL KIDS,AMARILLO PASTEL,1
ZOE ORIGINAL DAMA,ROSADO PASTEL,1
BANDANA PET,ROSADO PASTEL,1
VIVI ORIGINAL DAMA,LILA,1
RIO ORIGINAL CAB,ROSADO PASTEL,1
MIA ORIGINAL DAMA,VINOTINTO,1
PAULA ORIGINAL DAMA,NEGRO,1
PAULA ORIGINAL DAMA,ROJO,1
DANI ORIGINAL KIDS,FUCSIA,1
DANI ORIGINAL KIDS,AZUL CIELO,1
DANI ORIGINAL DAMA,AZUL REY,1
CLASICA ORIGINAL KIDS,LILA,1
CLASICA ORIGINAL KIDS,CORAL NEON,1
CLASICA ORIGINAL KIDS,MORADO,1
RIO ORIGINAL CAB,MORADO,1
RIO ORIGINAL CAB,PURPURA,1
RIO ORIGINAL CAB,LILA,1
CLASICA ORIGINAL DAMA,MORADO,1
CLASICA ORIGINAL CAB,LILA,1
CLASICA ORIGINAL CAB,ROSADO PASTEL,1
CLASICA ORIGINAL DAMA,CORAL NEON,1
VIVI ORIGINAL DAMA,AMARILLO PASTEL,1
ANDRE ORIGINAL DAMA,AMARILLO PASTEL,1
ANDRE ORIGINAL DAMA,AGUAMARINA,1
